time_s,t_us,pcnt_count,d_pcnt,dpos_m,position_m,dir_m1_0_p1
0.000000,21472546,0,0,0.00000000,0.00000000,0
0.009834,21482380,0,0,0.00000000,0.00000000,0
0.019834,21492380,0,0,0.00000000,0.00000000,0
0.029834,21502380,0,0,0.00000000,0.00000000,0
0.039834,21512380,0,0,0.00000000,0.00000000,0
0.049834,21522380,0,0,0.00000000,0.00000000,0
0.059834,21532380,0,0,0.00000000,0.00000000,0
0.069834,21542380,0,0,0.00000000,0.00000000,0
0.079834,21552380,0,0,0.00000000,0.00000000,0
0.089834,21562380,0,0,0.00000000,0.00000000,0
0.099834,21572380,0,0,0.00000000,0.00000000,0
0.109834,21582380,0,0,0.00000000,0.00000000,0
0.119834,21592380,0,0,0.00000000,0.00000000,0
0.129834,21602380,0,0,0.00000000,0.00000000,0
0.139834,21612380,0,0,0.00000000,0.00000000,0
0.149834,21622380,0,0,0.00000000,0.00000000,0
0.159834,21632380,0,0,0.00000000,0.00000000,0
0.169834,21642380,0,0,0.00000000,0.00000000,0
0.179834,21652380,0,0,0.00000000,0.00000000,0
0.189834,21662380,0,0,0.00000000,0.00000000,0
0.199834,21672380,0,0,0.00000000,0.00000000,0
0.209834,21682380,0,0,0.00000000,0.00000000,0
0.219834,21692380,0,0,0.00000000,0.00000000,0
0.229834,21702380,0,0,0.00000000,0.00000000,0
0.239834,21712380,0,0,0.00000000,0.00000000,0
0.249834,21722380,0,0,0.00000000,0.00000000,0
0.259834,21732380,0,0,0.00000000,0.00000000,0
0.269834,21742380,0,0,0.00000000,0.00000000,0
0.279834,21752380,0,0,0.00000000,0.00000000,0
0.289834,21762380,0,0,0.00000000,0.00000000,0
0.299834,21772380,0,0,0.00000000,0.00000000,0
0.309834,21782380,0,0,0.00000000,0.00000000,0
0.319834,21792380,0,0,0.00000000,0.00000000,0
0.329834,21802380,0,0,0.00000000,0.00000000,0
0.339834,21812380,0,0,0.00000000,0.00000000,0
0.349834,21822380,0,0,0.00000000,0.00000000,0
0.359834,21832380,0,0,0.00000000,0.00000000,0
0.369834,21842380,0,0,0.00000000,0.00000000,0
0.379834,21852380,0,0,0.00000000,0.00000000,0
0.389834,21862380,0,0,0.00000000,0.00000000,0
0.399834,21872380,0,0,0.00000000,0.00000000,0
0.409834,21882380,0,0,0.00000000,0.00000000,0
0.419834,21892380,0,0,0.00000000,0.00000000,0
0.429834,21902380,0,0,0.00000000,0.00000000,0
0.439834,21912380,0,0,0.00000000,0.00000000,0
0.449834,21922380,0,0,0.00000000,0.00000000,0
0.459834,21932380,0,0,0.00000000,0.00000000,0
0.469834,21942380,0,0,0.00000000,0.00000000,0
0.479834,21952380,0,0,0.00000000,0.00000000,0
0.489834,21962380,0,0,0.00000000,0.00000000,0
0.499834,21972380,0,0,0.00000000,0.00000000,0
0.509834,21982380,0,0,0.00000000,0.00000000,0
0.519834,21992380,0,0,0.00000000,0.00000000,0
0.529834,22002380,0,0,0.00000000,0.00000000,0
0.539834,22012380,0,0,0.00000000,0.00000000,0
0.549834,22022380,0,0,0.00000000,0.00000000,0
0.559834,22032380,0,0,0.00000000,0.00000000,0
0.569834,22042380,0,0,0.00000000,0.00000000,0
0.579834,22052380,0,0,0.00000000,0.00000000,0
0.589834,22062380,0,0,0.00000000,0.00000000,0
0.599834,22072380,0,0,0.00000000,0.00000000,0
0.609834,22082380,0,0,0.00000000,0.00000000,0
0.619834,22092380,0,0,0.00000000,0.00000000,0
0.629834,22102380,0,0,0.00000000,0.00000000,0
0.639834,22112380,0,0,0.00000000,0.00000000,0
0.649834,22122380,0,0,0.00000000,0.00000000,0
0.659834,22132380,0,0,0.00000000,0.00000000,0
0.669834,22142380,0,0,0.00000000,0.00000000,0
0.679834,22152380,0,0,0.00000000,0.00000000,0
0.689834,22162380,0,0,0.00000000,0.00000000,0
0.699834,22172380,0,0,0.00000000,0.00000000,0
0.709834,22182380,0,0,0.00000000,0.00000000,0
0.719834,22192380,0,0,0.00000000,0.00000000,0
0.729834,22202380,0,0,0.00000000,0.00000000,0
0.739834,22212380,0,0,0.00000000,0.00000000,0
0.749834,22222380,0,0,0.00000000,0.00000000,0
0.759834,22232380,0,0,0.00000000,0.00000000,0
0.769834,22242380,0,0,0.00000000,0.00000000,0
0.779834,22252380,0,0,0.00000000,0.00000000,0
0.789834,22262380,0,0,0.00000000,0.00000000,0
0.799834,22272380,0,0,0.00000000,0.00000000,0
0.809834,22282380,0,0,0.00000000,0.00000000,0
0.819834,22292380,0,0,0.00000000,0.00000000,0
0.829834,22302380,0,0,0.00000000,0.00000000,0
0.839834,22312380,0,0,0.00000000,0.00000000,0
0.849834,22322380,0,0,0.00000000,0.00000000,0
0.859834,22332380,0,0,0.00000000,0.00000000,0
0.869834,22342380,0,0,0.00000000,0.00000000,0
0.879834,22352380,0,0,0.00000000,0.00000000,0
0.889834,22362380,0,0,0.00000000,0.00000000,0
0.899834,22372380,0,0,0.00000000,0.00000000,0
0.909834,22382380,0,0,0.00000000,0.00000000,0
0.919834,22392380,0,0,0.00000000,0.00000000,0
0.929834,22402380,0,0,0.00000000,0.00000000,0
0.939834,22412380,0,0,0.00000000,0.00000000,0
0.949834,22422380,0,0,0.00000000,0.00000000,0
0.959834,22432380,0,0,0.00000000,0.00000000,0
0.969834,22442380,0,0,0.00000000,0.00000000,0
0.979834,22452380,0,0,0.00000000,0.00000000,0
0.989834,22462380,0,0,0.00000000,0.00000000,0
0.999834,22472380,0,0,0.00000000,0.00000000,0
1.009834,22482380,0,0,0.00000000,0.00000000,0
1.019834,22492380,0,0,0.00000000,0.00000000,0
1.029834,22502380,0,0,0.00000000,0.00000000,0
1.039834,22512380,0,0,0.00000000,0.00000000,0
1.049834,22522380,0,0,0.00000000,0.00000000,0
1.059834,22532380,0,0,0.00000000,0.00000000,0
1.069834,22542380,0,0,0.00000000,0.00000000,0
1.079834,22552380,0,0,0.00000000,0.00000000,0
1.089834,22562380,0,0,0.00000000,0.00000000,0
1.099834,22572380,0,0,0.00000000,0.00000000,0
1.109834,22582380,0,0,0.00000000,0.00000000,0
1.119834,22592380,0,0,0.00000000,0.00000000,0
1.129834,22602380,0,0,0.00000000,0.00000000,0
1.139834,22612380,0,0,0.00000000,0.00000000,0
1.149834,22622380,0,0,0.00000000,0.00000000,0
1.159834,22632380,0,0,0.00000000,0.00000000,0
1.169834,22642380,0,0,0.00000000,0.00000000,0
1.179834,22652380,0,0,0.00000000,0.00000000,0
1.189834,22662380,0,0,0.00000000,0.00000000,0
1.199834,22672380,0,0,0.00000000,0.00000000,0
1.209834,22682380,0,0,0.00000000,0.00000000,0
1.219834,22692380,0,0,0.00000000,0.00000000,0
1.229834,22702380,0,0,0.00000000,0.00000000,0
1.239834,22712380,0,0,0.00000000,0.00000000,0
1.249834,22722380,0,0,0.00000000,0.00000000,0
1.259834,22732380,0,0,0.00000000,0.00000000,0
1.269834,22742380,0,0,0.00000000,0.00000000,0
1.279834,22752380,0,0,0.00000000,0.00000000,0
1.289834,22762380,0,0,0.00000000,0.00000000,0
1.299834,22772380,0,0,0.00000000,0.00000000,0
1.309834,22782380,0,0,0.00000000,0.00000000,0
1.319834,22792380,0,0,0.00000000,0.00000000,0
1.329834,22802380,0,0,0.00000000,0.00000000,0
1.339834,22812380,0,0,0.00000000,0.00000000,0
1.349834,22822380,0,0,0.00000000,0.00000000,0
1.359834,22832380,0,0,0.00000000,0.00000000,0
1.369834,22842380,0,0,0.00000000,0.00000000,0
1.379834,22852380,0,0,0.00000000,0.00000000,0
1.389834,22862380,0,0,0.00000000,0.00000000,0
1.399834,22872380,0,0,0.00000000,0.00000000,0
1.409834,22882380,0,0,0.00000000,0.00000000,0
1.419834,22892380,0,0,0.00000000,0.00000000,0
1.429834,22902380,0,0,0.00000000,0.00000000,0
1.439834,22912380,0,0,0.00000000,0.00000000,0
1.449834,22922380,0,0,0.00000000,0.00000000,0
1.459834,22932380,0,0,0.00000000,0.00000000,0
1.469834,22942380,0,0,0.00000000,0.00000000,0
1.479834,22952380,0,0,0.00000000,0.00000000,0
1.489834,22962380,0,0,0.00000000,0.00000000,0
1.499834,22972380,0,0,0.00000000,0.00000000,0
1.509834,22982380,0,0,0.00000000,0.00000000,0
1.519834,22992380,0,0,0.00000000,0.00000000,0
1.529834,23002380,0,0,0.00000000,0.00000000,0
1.539834,23012380,0,0,0.00000000,0.00000000,0
1.549834,23022380,0,0,0.00000000,0.00000000,0
1.559834,23032380,0,0,0.00000000,0.00000000,0
1.569834,23042380,0,0,0.00000000,0.00000000,0
1.579834,23052380,0,0,0.00000000,0.00000000,0
1.589834,23062380,0,0,0.00000000,0.00000000,0
1.599834,23072380,0,0,0.00000000,0.00000000,0
1.609834,23082380,0,0,0.00000000,0.00000000,0
1.619834,23092380,0,0,0.00000000,0.00000000,0
1.629834,23102380,0,0,0.00000000,0.00000000,0
1.639834,23112380,0,0,0.00000000,0.00000000,0
1.649834,23122380,0,0,0.00000000,0.00000000,0
1.659834,23132380,0,0,0.00000000,0.00000000,0
1.669834,23142380,0,0,0.00000000,0.00000000,0
1.679834,23152380,0,0,0.00000000,0.00000000,0
1.689834,23162380,0,0,0.00000000,0.00000000,0
1.699834,23172380,0,0,0.00000000,0.00000000,0
1.709834,23182380,0,0,0.00000000,0.00000000,0
1.719834,23192380,0,0,0.00000000,0.00000000,0
1.729834,23202380,0,0,0.00000000,0.00000000,0
1.739834,23212380,0,0,0.00000000,0.00000000,0
1.749834,23222380,0,0,0.00000000,0.00000000,0
1.759834,23232380,0,0,0.00000000,0.00000000,0
1.769834,23242380,0,0,0.00000000,0.00000000,0
1.779834,23252380,0,0,0.00000000,0.00000000,0
1.789834,23262380,0,0,0.00000000,0.00000000,0
1.799834,23272380,0,0,0.00000000,0.00000000,0
1.809834,23282380,0,0,0.00000000,0.00000000,0
1.819834,23292380,0,0,0.00000000,0.00000000,0
1.829834,23302380,0,0,0.00000000,0.00000000,0
1.839834,23312380,0,0,0.00000000,0.00000000,0
1.849834,23322380,0,0,0.00000000,0.00000000,0
1.859834,23332380,0,0,0.00000000,0.00000000,0
1.869834,23342380,0,0,0.00000000,0.00000000,0
1.879834,23352380,0,0,0.00000000,0.00000000,0
1.889834,23362380,0,0,0.00000000,0.00000000,0
1.899834,23372380,0,0,0.00000000,0.00000000,0
1.909834,23382380,0,0,0.00000000,0.00000000,0
1.919834,23392380,0,0,0.00000000,0.00000000,0
1.929834,23402380,0,0,0.00000000,0.00000000,0
1.939834,23412380,0,0,0.00000000,0.00000000,0
1.949834,23422380,0,0,0.00000000,0.00000000,0
1.959834,23432380,0,0,0.00000000,0.00000000,0
1.969834,23442380,0,0,0.00000000,0.00000000,0
1.979834,23452380,0,0,0.00000000,0.00000000,0
1.989834,23462380,0,0,0.00000000,0.00000000,0
1.999834,23472380,0,0,0.00000000,0.00000000,0
2.009834,23482380,0,0,0.00000000,0.00000000,0
2.019834,23492380,0,0,0.00000000,0.00000000,0
2.029834,23502380,0,0,0.00000000,0.00000000,0
2.039834,23512380,0,0,0.00000000,0.00000000,0
2.049834,23522380,0,0,0.00000000,0.00000000,0
2.059834,23532380,0,0,0.00000000,0.00000000,0
2.069834,23542380,0,0,0.00000000,0.00000000,0
2.079834,23552380,0,0,0.00000000,0.00000000,0
2.089834,23562380,0,0,0.00000000,0.00000000,0
2.099834,23572380,0,0,0.00000000,0.00000000,0
2.109834,23582380,0,0,0.00000000,0.00000000,0
2.119834,23592380,0,0,0.00000000,0.00000000,0
2.129834,23602380,0,0,0.00000000,0.00000000,0
2.139834,23612380,0,0,0.00000000,0.00000000,0
2.149834,23622380,0,0,0.00000000,0.00000000,0
2.159834,23632380,0,0,0.00000000,0.00000000,0
2.169834,23642380,0,0,0.00000000,0.00000000,0
2.179834,23652380,0,0,0.00000000,0.00000000,0
2.189834,23662380,0,0,0.00000000,0.00000000,0
2.199834,23672380,0,0,0.00000000,0.00000000,0
2.209834,23682380,0,0,0.00000000,0.00000000,0
2.219834,23692380,0,0,0.00000000,0.00000000,0
2.229834,23702380,0,0,0.00000000,0.00000000,0
2.239834,23712380,0,0,0.00000000,0.00000000,0
2.249834,23722380,0,0,0.00000000,0.00000000,0
2.259834,23732380,0,0,0.00000000,0.00000000,0
2.269834,23742380,0,0,0.00000000,0.00000000,0
2.279834,23752380,0,0,0.00000000,0.00000000,0
2.289834,23762380,0,0,0.00000000,0.00000000,0
2.299834,23772380,0,0,0.00000000,0.00000000,0
2.309834,23782380,0,0,0.00000000,0.00000000,0
2.319834,23792380,0,0,0.00000000,0.00000000,0
2.329834,23802380,0,0,0.00000000,0.00000000,0
2.339834,23812380,0,0,0.00000000,0.00000000,0
2.349834,23822380,0,0,0.00000000,0.00000000,0
2.359834,23832380,0,0,0.00000000,0.00000000,0
2.369834,23842380,0,0,0.00000000,0.00000000,0
2.379834,23852380,0,0,0.00000000,0.00000000,0
2.389834,23862380,0,0,0.00000000,0.00000000,0
2.399834,23872380,0,0,0.00000000,0.00000000,0
2.409834,23882380,0,0,0.00000000,0.00000000,0
2.419834,23892380,0,0,0.00000000,0.00000000,0
2.429834,23902380,0,0,0.00000000,0.00000000,0
2.439834,23912380,0,0,0.00000000,0.00000000,0
2.449834,23922380,0,0,0.00000000,0.00000000,0
2.459834,23932380,0,0,0.00000000,0.00000000,0
2.469834,23942380,0,0,0.00000000,0.00000000,0
2.479834,23952380,0,0,0.00000000,0.00000000,0
2.489834,23962380,0,0,0.00000000,0.00000000,0
2.499834,23972380,0,0,0.00000000,0.00000000,0
2.509834,23982380,0,0,0.00000000,0.00000000,0
2.519834,23992380,0,0,0.00000000,0.00000000,0
2.529834,24002380,0,0,0.00000000,0.00000000,0
2.539834,24012380,0,0,0.00000000,0.00000000,0
2.549834,24022380,0,0,0.00000000,0.00000000,0
2.559834,24032380,0,0,0.00000000,0.00000000,0
2.569834,24042380,0,0,0.00000000,0.00000000,0
2.579834,24052380,0,0,0.00000000,0.00000000,0
2.589834,24062380,0,0,0.00000000,0.00000000,0
2.599834,24072380,0,0,0.00000000,0.00000000,0
2.609834,24082380,0,0,0.00000000,0.00000000,0
2.619834,24092380,0,0,0.00000000,0.00000000,0
2.629834,24102380,0,0,0.00000000,0.00000000,0
2.639834,24112380,0,0,0.00000000,0.00000000,0
2.649834,24122380,0,0,0.00000000,0.00000000,0
2.659834,24132380,0,0,0.00000000,0.00000000,0
2.669834,24142380,0,0,0.00000000,0.00000000,0
2.679834,24152380,0,0,0.00000000,0.00000000,0
2.689834,24162380,0,0,0.00000000,0.00000000,0
2.699834,24172380,0,0,0.00000000,0.00000000,0
2.709834,24182380,0,0,0.00000000,0.00000000,0
2.719834,24192380,0,0,0.00000000,0.00000000,0
2.729834,24202380,0,0,0.00000000,0.00000000,0
2.739834,24212380,0,0,0.00000000,0.00000000,0
2.749834,24222380,0,0,0.00000000,0.00000000,0
2.759834,24232380,0,0,0.00000000,0.00000000,0
2.769834,24242380,0,0,0.00000000,0.00000000,0
2.779834,24252380,0,0,0.00000000,0.00000000,0
2.789834,24262380,0,0,0.00000000,0.00000000,0
2.799834,24272380,0,0,0.00000000,0.00000000,0
2.809834,24282380,0,0,0.00000000,0.00000000,0
2.819834,24292380,0,0,0.00000000,0.00000000,0
2.829834,24302380,0,0,0.00000000,0.00000000,0
2.839834,24312380,0,0,0.00000000,0.00000000,0
2.849834,24322380,0,0,0.00000000,0.00000000,0
2.859834,24332380,0,0,0.00000000,0.00000000,0
2.869834,24342380,0,0,0.00000000,0.00000000,0
2.879834,24352380,0,0,0.00000000,0.00000000,0
2.889834,24362380,0,0,0.00000000,0.00000000,0
2.899834,24372380,0,0,0.00000000,0.00000000,0
2.909834,24382380,0,0,0.00000000,0.00000000,0
2.919834,24392380,0,0,0.00000000,0.00000000,0
2.929834,24402380,0,0,0.00000000,0.00000000,0
2.939834,24412380,0,0,0.00000000,0.00000000,0
2.949834,24422380,0,0,0.00000000,0.00000000,0
2.959834,24432380,0,0,0.00000000,0.00000000,0
2.969834,24442380,0,0,0.00000000,0.00000000,0
2.979834,24452380,0,0,0.00000000,0.00000000,0
2.989834,24462380,0,0,0.00000000,0.00000000,0
2.999834,24472380,0,0,0.00000000,0.00000000,0
3.009834,24482380,0,0,0.00000000,0.00000000,0
3.019834,24492380,0,0,0.00000000,0.00000000,0
3.029834,24502380,0,0,0.00000000,0.00000000,0
3.039834,24512380,0,0,0.00000000,0.00000000,0
3.049834,24522380,0,0,0.00000000,0.00000000,0
3.059834,24532380,0,0,0.00000000,0.00000000,0
3.069834,24542380,0,0,0.00000000,0.00000000,0
3.079834,24552380,0,0,0.00000000,0.00000000,0
3.089834,24562380,0,0,0.00000000,0.00000000,0
3.099834,24572380,0,0,0.00000000,0.00000000,0
3.109834,24582380,0,0,0.00000000,0.00000000,0
3.119834,24592380,0,0,0.00000000,0.00000000,0
3.129834,24602380,0,0,0.00000000,0.00000000,0
3.139834,24612380,0,0,0.00000000,0.00000000,0
3.149834,24622380,0,0,0.00000000,0.00000000,0
3.159834,24632380,0,0,0.00000000,0.00000000,0
3.169834,24642380,0,0,0.00000000,0.00000000,0
3.179834,24652380,0,0,0.00000000,0.00000000,0
3.189834,24662380,0,0,0.00000000,0.00000000,0
3.199834,24672380,0,0,0.00000000,0.00000000,0
3.209834,24682380,0,0,0.00000000,0.00000000,0
3.219834,24692380,0,0,0.00000000,0.00000000,0
3.229834,24702380,0,0,0.00000000,0.00000000,0
3.239834,24712380,0,0,0.00000000,0.00000000,0
3.249834,24722380,0,0,0.00000000,0.00000000,0
3.259834,24732380,0,0,0.00000000,0.00000000,0
3.269834,24742380,0,0,0.00000000,0.00000000,0
3.279834,24752380,0,0,0.00000000,0.00000000,0
3.289834,24762380,0,0,0.00000000,0.00000000,0
3.299834,24772380,0,0,0.00000000,0.00000000,0
3.309834,24782380,0,0,0.00000000,0.00000000,0
3.319834,24792380,0,0,0.00000000,0.00000000,0
3.329834,24802380,0,0,0.00000000,0.00000000,0
3.339834,24812380,0,0,0.00000000,0.00000000,0
3.349834,24822380,0,0,0.00000000,0.00000000,0
3.359834,24832380,0,0,0.00000000,0.00000000,0
3.369834,24842380,0,0,0.00000000,0.00000000,0
3.379834,24852380,0,0,0.00000000,0.00000000,0
3.389834,24862380,0,0,0.00000000,0.00000000,0
3.399834,24872380,0,0,0.00000000,0.00000000,0
3.409834,24882380,0,0,0.00000000,0.00000000,0
3.419834,24892380,0,0,0.00000000,0.00000000,0
3.429834,24902380,0,0,0.00000000,0.00000000,0
3.439834,24912380,0,0,0.00000000,0.00000000,0
3.449834,24922380,0,0,0.00000000,0.00000000,0
3.459834,24932380,0,0,0.00000000,0.00000000,0
3.469834,24942380,0,0,0.00000000,0.00000000,0
3.479834,24952380,0,0,0.00000000,0.00000000,0
3.489834,24962380,0,0,0.00000000,0.00000000,0
3.499834,24972380,0,0,0.00000000,0.00000000,0
3.509834,24982380,0,0,0.00000000,0.00000000,0
3.519834,24992380,0,0,0.00000000,0.00000000,0
3.529834,25002380,0,0,0.00000000,0.00000000,0
3.539834,25012380,0,0,0.00000000,0.00000000,0
3.549834,25022380,0,0,0.00000000,0.00000000,0
3.559834,25032380,0,0,0.00000000,0.00000000,0
3.569834,25042380,0,0,0.00000000,0.00000000,0
3.579834,25052380,0,0,0.00000000,0.00000000,0
3.589834,25062380,0,0,0.00000000,0.00000000,0
3.599834,25072380,0,0,0.00000000,0.00000000,0
3.609834,25082380,0,0,0.00000000,0.00000000,0
3.619834,25092380,0,0,0.00000000,0.00000000,0
3.629834,25102380,0,0,0.00000000,0.00000000,0
3.639834,25112380,0,0,0.00000000,0.00000000,0
3.649834,25122380,0,0,0.00000000,0.00000000,0
3.659834,25132380,0,0,0.00000000,0.00000000,0
3.669834,25142380,0,0,0.00000000,0.00000000,0
3.679834,25152380,0,0,0.00000000,0.00000000,0
3.689834,25162380,0,0,0.00000000,0.00000000,0
3.699834,25172380,0,0,0.00000000,0.00000000,0
3.709834,25182380,0,0,0.00000000,0.00000000,0
3.719834,25192380,0,0,0.00000000,0.00000000,0
3.729834,25202380,0,0,0.00000000,0.00000000,0
3.739834,25212380,0,0,0.00000000,0.00000000,0
3.749834,25222380,0,0,0.00000000,0.00000000,0
3.759834,25232380,0,0,0.00000000,0.00000000,0
3.769834,25242380,0,0,0.00000000,0.00000000,0
3.779834,25252380,0,0,0.00000000,0.00000000,0
3.789834,25262380,0,0,0.00000000,0.00000000,0
3.799834,25272380,0,0,0.00000000,0.00000000,0
3.809834,25282380,0,0,0.00000000,0.00000000,0
3.819834,25292380,0,0,0.00000000,0.00000000,0
3.829834,25302380,0,0,0.00000000,0.00000000,0
3.839834,25312380,0,0,0.00000000,0.00000000,0
3.849834,25322380,0,0,0.00000000,0.00000000,0
3.859834,25332380,0,0,0.00000000,0.00000000,0
3.869834,25342380,0,0,0.00000000,0.00000000,0
3.879834,25352380,0,0,0.00000000,0.00000000,0
3.889834,25362380,0,0,0.00000000,0.00000000,0
3.899834,25372380,0,0,0.00000000,0.00000000,0
3.909834,25382380,0,0,0.00000000,0.00000000,0
3.919834,25392380,0,0,0.00000000,0.00000000,0
3.929834,25402380,0,0,0.00000000,0.00000000,0
3.939834,25412380,0,0,0.00000000,0.00000000,0
3.949834,25422380,0,0,0.00000000,0.00000000,0
3.959834,25432380,0,0,0.00000000,0.00000000,0
3.969834,25442380,0,0,0.00000000,0.00000000,0
3.979834,25452380,0,0,0.00000000,0.00000000,0
3.989834,25462380,0,0,0.00000000,0.00000000,0
3.999834,25472380,0,0,0.00000000,0.00000000,0
4.009834,25482380,0,0,0.00000000,0.00000000,0
4.019834,25492380,0,0,0.00000000,0.00000000,0
4.029834,25502380,0,0,0.00000000,0.00000000,0
4.039834,25512380,0,0,0.00000000,0.00000000,0
4.049834,25522380,0,0,0.00000000,0.00000000,0
4.059834,25532380,0,0,0.00000000,0.00000000,0
4.069834,25542380,0,0,0.00000000,0.00000000,0
4.079834,25552380,0,0,0.00000000,0.00000000,0
4.089834,25562380,0,0,0.00000000,0.00000000,0
4.099834,25572380,0,0,0.00000000,0.00000000,0
4.109834,25582380,0,0,0.00000000,0.00000000,0
4.119834,25592380,0,0,0.00000000,0.00000000,0
4.129834,25602380,0,0,0.00000000,0.00000000,0
4.139834,25612380,0,0,0.00000000,0.00000000,0
4.149834,25622380,0,0,0.00000000,0.00000000,0
4.159834,25632380,0,0,0.00000000,0.00000000,0
4.169834,25642380,0,0,0.00000000,0.00000000,0
4.179834,25652380,0,0,0.00000000,0.00000000,0
4.189834,25662380,0,0,0.00000000,0.00000000,0
4.199834,25672380,0,0,0.00000000,0.00000000,0
4.209834,25682380,0,0,0.00000000,0.00000000,0
4.219834,25692380,0,0,0.00000000,0.00000000,0
4.229834,25702380,0,0,0.00000000,0.00000000,0
4.239834,25712380,0,0,0.00000000,0.00000000,0
4.249834,25722380,0,0,0.00000000,0.00000000,0
4.259834,25732380,0,0,0.00000000,0.00000000,0
4.269834,25742380,0,0,0.00000000,0.00000000,0
4.279834,25752380,0,0,0.00000000,0.00000000,0
4.289834,25762380,0,0,0.00000000,0.00000000,0
4.299834,25772380,0,0,0.00000000,0.00000000,0
4.309834,25782380,0,0,0.00000000,0.00000000,0
4.319834,25792380,0,0,0.00000000,0.00000000,0
4.329834,25802380,0,0,0.00000000,0.00000000,0
4.339834,25812380,0,0,0.00000000,0.00000000,0
4.349834,25822380,0,0,0.00000000,0.00000000,0
4.359834,25832380,0,0,0.00000000,0.00000000,0
4.369834,25842380,0,0,0.00000000,0.00000000,0
4.379834,25852380,0,0,0.00000000,0.00000000,0
4.389834,25862380,0,0,0.00000000,0.00000000,0
4.399834,25872380,0,0,0.00000000,0.00000000,0
4.409834,25882380,0,0,0.00000000,0.00000000,0
4.419834,25892380,0,0,0.00000000,0.00000000,0
4.429834,25902380,0,0,0.00000000,0.00000000,0
4.439834,25912380,0,0,0.00000000,0.00000000,0
4.449834,25922380,0,0,0.00000000,0.00000000,0
4.459834,25932380,0,0,0.00000000,0.00000000,0
4.469834,25942380,0,0,0.00000000,0.00000000,0
4.479834,25952380,0,0,0.00000000,0.00000000,0
4.489834,25962380,0,0,0.00000000,0.00000000,0
4.499834,25972380,0,0,0.00000000,0.00000000,0
4.509834,25982380,0,0,0.00000000,0.00000000,0
4.519834,25992380,0,0,0.00000000,0.00000000,0
4.529834,26002380,0,0,0.00000000,0.00000000,0
4.539834,26012380,0,0,0.00000000,0.00000000,0
4.549834,26022380,0,0,0.00000000,0.00000000,0
4.559834,26032380,0,0,0.00000000,0.00000000,0
4.569834,26042380,0,0,0.00000000,0.00000000,0
4.579834,26052380,0,0,0.00000000,0.00000000,0
4.589834,26062380,0,0,0.00000000,0.00000000,0
4.599834,26072380,0,0,0.00000000,0.00000000,0
4.609834,26082380,0,0,0.00000000,0.00000000,0
4.619834,26092380,0,0,0.00000000,0.00000000,0
4.629834,26102380,0,0,0.00000000,0.00000000,0
4.639834,26112380,0,0,0.00000000,0.00000000,0
4.649834,26122380,0,0,0.00000000,0.00000000,0
4.659834,26132380,0,0,0.00000000,0.00000000,0
4.669834,26142380,0,0,0.00000000,0.00000000,0
4.679834,26152380,0,0,0.00000000,0.00000000,0
4.689834,26162380,0,0,0.00000000,0.00000000,0
4.699834,26172380,0,0,0.00000000,0.00000000,0
4.709834,26182380,0,0,0.00000000,0.00000000,0
4.719834,26192380,0,0,0.00000000,0.00000000,0
4.729834,26202380,0,0,0.00000000,0.00000000,0
4.739834,26212380,0,0,0.00000000,0.00000000,0
4.749834,26222380,0,0,0.00000000,0.00000000,0
4.759834,26232380,0,0,0.00000000,0.00000000,0
4.769834,26242380,0,0,0.00000000,0.00000000,0
4.779834,26252380,0,0,0.00000000,0.00000000,0
4.789834,26262380,0,0,0.00000000,0.00000000,0
4.799834,26272380,0,0,0.00000000,0.00000000,0
4.809834,26282380,0,0,0.00000000,0.00000000,0
4.819834,26292380,0,0,0.00000000,0.00000000,0
4.829834,26302380,0,0,0.00000000,0.00000000,0
4.839834,26312380,0,0,0.00000000,0.00000000,0
4.849834,26322380,0,0,0.00000000,0.00000000,0
4.859834,26332380,0,0,0.00000000,0.00000000,0
4.869834,26342380,0,0,0.00000000,0.00000000,0
4.879834,26352380,0,0,0.00000000,0.00000000,0
4.889834,26362380,0,0,0.00000000,0.00000000,0
4.899834,26372380,0,0,0.00000000,0.00000000,0
4.909834,26382380,0,0,0.00000000,0.00000000,0
4.919834,26392380,0,0,0.00000000,0.00000000,0
4.929834,26402380,0,0,0.00000000,0.00000000,0
4.939834,26412380,0,0,0.00000000,0.00000000,0
4.949834,26422380,0,0,0.00000000,0.00000000,0
4.959834,26432380,0,0,0.00000000,0.00000000,0
4.969834,26442380,0,0,0.00000000,0.00000000,0
4.979834,26452380,0,0,0.00000000,0.00000000,0
4.989834,26462380,0,0,0.00000000,0.00000000,0
4.999834,26472380,0,0,0.00000000,0.00000000,0
5.009834,26482380,0,0,0.00000000,0.00000000,0
5.019834,26492380,0,0,0.00000000,0.00000000,0
5.029834,26502380,0,0,0.00000000,0.00000000,0
5.039834,26512380,0,0,0.00000000,0.00000000,0
5.049834,26522380,0,0,0.00000000,0.00000000,0
5.059834,26532380,0,0,0.00000000,0.00000000,0
5.069834,26542380,0,0,0.00000000,0.00000000,0
5.079834,26552380,0,0,0.00000000,0.00000000,0
5.089834,26562380,0,0,0.00000000,0.00000000,0
5.099834,26572380,0,0,0.00000000,0.00000000,0
5.109834,26582380,0,0,0.00000000,0.00000000,0
5.119834,26592380,0,0,0.00000000,0.00000000,0
5.129834,26602380,0,0,0.00000000,0.00000000,0
5.139834,26612380,0,0,0.00000000,0.00000000,0
5.149834,26622380,0,0,0.00000000,0.00000000,0
5.159834,26632380,0,0,0.00000000,0.00000000,0
5.169834,26642380,0,0,0.00000000,0.00000000,0
5.179834,26652380,0,0,0.00000000,0.00000000,0
5.189834,26662380,0,0,0.00000000,0.00000000,0
5.199834,26672380,0,0,0.00000000,0.00000000,0
5.209834,26682380,0,0,0.00000000,0.00000000,0
5.219834,26692380,0,0,0.00000000,0.00000000,0
5.229834,26702380,0,0,0.00000000,0.00000000,0
5.239834,26712380,0,0,0.00000000,0.00000000,0
5.249834,26722380,0,0,0.00000000,0.00000000,0
5.259834,26732380,0,0,0.00000000,0.00000000,0
5.269834,26742380,0,0,0.00000000,0.00000000,0
5.279834,26752380,0,0,0.00000000,0.00000000,0
5.289834,26762380,0,0,0.00000000,0.00000000,0
5.299834,26772380,0,0,0.00000000,0.00000000,0
5.309834,26782380,0,0,0.00000000,0.00000000,0
5.319834,26792380,0,0,0.00000000,0.00000000,0
5.329834,26802380,0,0,0.00000000,0.00000000,0
5.339834,26812380,0,0,0.00000000,0.00000000,0
5.349834,26822380,0,0,0.00000000,0.00000000,0
5.359834,26832380,0,0,0.00000000,0.00000000,0
5.369834,26842380,0,0,0.00000000,0.00000000,0
5.379834,26852380,0,0,0.00000000,0.00000000,0
5.389834,26862380,0,0,0.00000000,0.00000000,0
5.399834,26872380,0,0,0.00000000,0.00000000,0
5.409834,26882380,0,0,0.00000000,0.00000000,0
5.419834,26892380,0,0,0.00000000,0.00000000,0
5.429834,26902380,0,0,0.00000000,0.00000000,0
5.439834,26912380,0,0,0.00000000,0.00000000,0
5.449834,26922380,0,0,0.00000000,0.00000000,0
5.459834,26932380,0,0,0.00000000,0.00000000,0
5.469834,26942380,0,0,0.00000000,0.00000000,0
5.479834,26952380,0,0,0.00000000,0.00000000,0
5.489834,26962380,0,0,0.00000000,0.00000000,0
5.499834,26972380,0,0,0.00000000,0.00000000,0
5.509834,26982380,0,0,0.00000000,0.00000000,0
5.519834,26992380,0,0,0.00000000,0.00000000,0
5.529834,27002380,0,0,0.00000000,0.00000000,0
5.539834,27012380,0,0,0.00000000,0.00000000,0
5.549834,27022380,0,0,0.00000000,0.00000000,0
5.559834,27032380,0,0,0.00000000,0.00000000,0
5.569834,27042380,0,0,0.00000000,0.00000000,0
5.579834,27052380,0,0,0.00000000,0.00000000,0
5.589834,27062380,0,0,0.00000000,0.00000000,0
5.599834,27072380,0,0,0.00000000,0.00000000,0
5.609834,27082380,0,0,0.00000000,0.00000000,0
5.619834,27092380,0,0,0.00000000,0.00000000,0
5.629834,27102380,0,0,0.00000000,0.00000000,0
5.639834,27112380,0,0,0.00000000,0.00000000,0
5.649834,27122380,0,0,0.00000000,0.00000000,0
5.659834,27132380,0,0,0.00000000,0.00000000,0
5.669834,27142380,0,0,0.00000000,0.00000000,0
5.679834,27152380,0,0,0.00000000,0.00000000,0
5.689834,27162380,0,0,0.00000000,0.00000000,0
5.699834,27172380,0,0,0.00000000,0.00000000,0
5.709834,27182380,0,0,0.00000000,0.00000000,0
5.719834,27192380,0,0,0.00000000,0.00000000,0
5.729834,27202380,0,0,0.00000000,0.00000000,0
5.739834,27212380,0,0,0.00000000,0.00000000,0
5.749834,27222380,0,0,0.00000000,0.00000000,0
5.759834,27232380,0,0,0.00000000,0.00000000,0
5.769834,27242380,0,0,0.00000000,0.00000000,0
5.779834,27252380,0,0,0.00000000,0.00000000,0
5.789834,27262380,0,0,0.00000000,0.00000000,0
5.799834,27272380,0,0,0.00000000,0.00000000,0
5.809834,27282380,0,0,0.00000000,0.00000000,0
5.819834,27292380,0,0,0.00000000,0.00000000,0
5.829834,27302380,0,0,0.00000000,0.00000000,0
5.839834,27312380,0,0,0.00000000,0.00000000,0
5.849834,27322380,0,0,0.00000000,0.00000000,0
5.859834,27332380,0,0,0.00000000,0.00000000,0
5.869834,27342380,0,0,0.00000000,0.00000000,0
5.879834,27352380,0,0,0.00000000,0.00000000,0
5.889834,27362380,0,0,0.00000000,0.00000000,0
5.899834,27372380,0,0,0.00000000,0.00000000,0
5.909834,27382380,0,0,0.00000000,0.00000000,0
5.919834,27392380,0,0,0.00000000,0.00000000,0
5.929834,27402380,0,0,0.00000000,0.00000000,0
5.939834,27412380,0,0,0.00000000,0.00000000,0
5.949834,27422380,0,0,0.00000000,0.00000000,0
5.959834,27432380,0,0,0.00000000,0.00000000,0
5.969834,27442380,0,0,0.00000000,0.00000000,0
5.979834,27452380,0,0,0.00000000,0.00000000,0
5.989834,27462380,0,0,0.00000000,0.00000000,0
5.999834,27472380,0,0,0.00000000,0.00000000,0
6.009834,27482380,0,0,0.00000000,0.00000000,0
6.019834,27492380,0,0,0.00000000,0.00000000,0
6.029834,27502380,0,0,0.00000000,0.00000000,0
6.039834,27512380,0,0,0.00000000,0.00000000,0
6.049834,27522380,0,0,0.00000000,0.00000000,0
6.059834,27532380,0,0,0.00000000,0.00000000,0
6.069834,27542380,0,0,0.00000000,0.00000000,0
6.079834,27552380,0,0,0.00000000,0.00000000,0
6.089834,27562380,0,0,0.00000000,0.00000000,0
6.099834,27572380,0,0,0.00000000,0.00000000,0
6.109834,27582380,0,0,0.00000000,0.00000000,0
6.119834,27592380,0,0,0.00000000,0.00000000,0
6.129834,27602380,0,0,0.00000000,0.00000000,0
6.139834,27612380,0,0,0.00000000,0.00000000,0
6.149834,27622380,0,0,0.00000000,0.00000000,0
6.159834,27632380,0,0,0.00000000,0.00000000,0
6.169834,27642380,0,0,0.00000000,0.00000000,0
6.179834,27652380,0,0,0.00000000,0.00000000,0
6.189834,27662380,0,0,0.00000000,0.00000000,0
6.199834,27672380,0,0,0.00000000,0.00000000,0
6.209834,27682380,0,0,0.00000000,0.00000000,0
6.219834,27692380,0,0,0.00000000,0.00000000,0
6.229834,27702380,0,0,0.00000000,0.00000000,0
6.239834,27712380,0,0,0.00000000,0.00000000,0
6.249834,27722380,0,0,0.00000000,0.00000000,0
6.259834,27732380,0,0,0.00000000,0.00000000,0
6.269834,27742380,0,0,0.00000000,0.00000000,0
6.279834,27752380,0,0,0.00000000,0.00000000,0
6.289834,27762380,0,0,0.00000000,0.00000000,0
6.299834,27772380,0,0,0.00000000,0.00000000,0
6.309834,27782380,0,0,0.00000000,0.00000000,0
6.319834,27792380,0,0,0.00000000,0.00000000,0
6.329834,27802380,0,0,0.00000000,0.00000000,0
6.339834,27812380,0,0,0.00000000,0.00000000,0
6.349834,27822380,0,0,0.00000000,0.00000000,0
6.359834,27832380,0,0,0.00000000,0.00000000,0
6.369834,27842380,0,0,0.00000000,0.00000000,0
6.379834,27852380,0,0,0.00000000,0.00000000,0
6.389834,27862380,0,0,0.00000000,0.00000000,0
6.399834,27872380,0,0,0.00000000,0.00000000,0
6.409834,27882380,0,0,0.00000000,0.00000000,0
6.419834,27892380,0,0,0.00000000,0.00000000,0
6.429834,27902380,0,0,0.00000000,0.00000000,0
6.439834,27912380,0,0,0.00000000,0.00000000,0
6.449834,27922380,0,0,0.00000000,0.00000000,0
6.459834,27932380,0,0,0.00000000,0.00000000,0
6.469834,27942380,0,0,0.00000000,0.00000000,0
6.479834,27952380,0,0,0.00000000,0.00000000,0
6.489834,27962380,0,0,0.00000000,0.00000000,0
6.499834,27972380,0,0,0.00000000,0.00000000,0
6.509834,27982380,0,0,0.00000000,0.00000000,0
6.519834,27992380,0,0,0.00000000,0.00000000,0
6.529834,28002380,0,0,0.00000000,0.00000000,0
6.539834,28012380,0,0,0.00000000,0.00000000,0
6.549834,28022380,0,0,0.00000000,0.00000000,0
6.559834,28032380,0,0,0.00000000,0.00000000,0
6.569834,28042380,0,0,0.00000000,0.00000000,0
6.579834,28052380,0,0,0.00000000,0.00000000,0
6.589834,28062380,0,0,0.00000000,0.00000000,0
6.599834,28072380,0,0,0.00000000,0.00000000,0
6.609834,28082380,0,0,0.00000000,0.00000000,0
6.619834,28092380,0,0,0.00000000,0.00000000,0
6.629834,28102380,0,0,0.00000000,0.00000000,0
6.639834,28112380,0,0,0.00000000,0.00000000,0
6.649834,28122380,0,0,0.00000000,0.00000000,0
6.659834,28132380,0,0,0.00000000,0.00000000,0
6.669834,28142380,0,0,0.00000000,0.00000000,0
6.679834,28152380,0,0,0.00000000,0.00000000,0
6.689834,28162380,0,0,0.00000000,0.00000000,0
6.699834,28172380,0,0,0.00000000,0.00000000,0
6.709834,28182380,0,0,0.00000000,0.00000000,0
6.719834,28192380,0,0,0.00000000,0.00000000,0
6.729834,28202380,0,0,0.00000000,0.00000000,0
6.739834,28212380,0,0,0.00000000,0.00000000,0
6.749834,28222380,0,0,0.00000000,0.00000000,0
6.759834,28232380,0,0,0.00000000,0.00000000,0
6.769834,28242380,0,0,0.00000000,0.00000000,0
6.779834,28252380,0,0,0.00000000,0.00000000,0
6.789834,28262380,0,0,0.00000000,0.00000000,0
6.799834,28272380,0,0,0.00000000,0.00000000,0
6.809834,28282380,0,0,0.00000000,0.00000000,0
6.819834,28292380,0,0,0.00000000,0.00000000,0
6.829834,28302380,0,0,0.00000000,0.00000000,0
6.839834,28312380,0,0,0.00000000,0.00000000,0
6.849834,28322380,0,0,0.00000000,0.00000000,0
6.859834,28332380,0,0,0.00000000,0.00000000,0
6.869834,28342380,0,0,0.00000000,0.00000000,0
6.879834,28352380,0,0,0.00000000,0.00000000,0
6.889834,28362380,0,0,0.00000000,0.00000000,0
6.899834,28372380,0,0,0.00000000,0.00000000,0
6.909834,28382380,0,0,0.00000000,0.00000000,0
6.919834,28392380,0,0,0.00000000,0.00000000,0
6.929834,28402380,0,0,0.00000000,0.00000000,0
6.939834,28412380,0,0,0.00000000,0.00000000,0
6.949834,28422380,0,0,0.00000000,0.00000000,0
6.959834,28432380,0,0,0.00000000,0.00000000,0
6.969834,28442380,0,0,0.00000000,0.00000000,0
6.979834,28452380,0,0,0.00000000,0.00000000,0
6.989834,28462380,0,0,0.00000000,0.00000000,0
6.999834,28472380,0,0,0.00000000,0.00000000,0
7.009834,28482380,0,0,0.00000000,0.00000000,0
7.019834,28492380,0,0,0.00000000,0.00000000,0
7.029834,28502380,0,0,0.00000000,0.00000000,0
7.039834,28512380,0,0,0.00000000,0.00000000,0
7.049834,28522380,0,0,0.00000000,0.00000000,0
7.059834,28532380,0,0,0.00000000,0.00000000,0
7.069834,28542380,0,0,0.00000000,0.00000000,0
7.079834,28552380,0,0,0.00000000,0.00000000,0
7.089834,28562380,0,0,0.00000000,0.00000000,0
7.099834,28572380,0,0,0.00000000,0.00000000,0
7.109834,28582380,0,0,0.00000000,0.00000000,0
7.119834,28592380,0,0,0.00000000,0.00000000,0
7.129834,28602380,0,0,0.00000000,0.00000000,0
7.139834,28612380,0,0,0.00000000,0.00000000,0
7.149834,28622380,0,0,0.00000000,0.00000000,0
7.159834,28632380,0,0,0.00000000,0.00000000,0
7.169834,28642380,0,0,0.00000000,0.00000000,0
7.179834,28652380,0,0,0.00000000,0.00000000,0
7.189834,28662380,0,0,0.00000000,0.00000000,0
7.199834,28672380,0,0,0.00000000,0.00000000,0
7.209834,28682380,0,0,0.00000000,0.00000000,0
7.219834,28692380,0,0,0.00000000,0.00000000,0
7.229834,28702380,0,0,0.00000000,0.00000000,0
7.239834,28712380,0,0,0.00000000,0.00000000,0
7.249834,28722380,0,0,0.00000000,0.00000000,0
7.259834,28732380,0,0,0.00000000,0.00000000,0
7.269834,28742380,0,0,0.00000000,0.00000000,0
7.279834,28752380,0,0,0.00000000,0.00000000,0
7.289834,28762380,0,0,0.00000000,0.00000000,0
7.299834,28772380,0,0,0.00000000,0.00000000,0
7.309834,28782380,0,0,0.00000000,0.00000000,0
7.319834,28792380,0,0,0.00000000,0.00000000,0
7.329834,28802380,0,0,0.00000000,0.00000000,0
7.339834,28812380,0,0,0.00000000,0.00000000,0
7.349834,28822380,0,0,0.00000000,0.00000000,0
7.359834,28832380,0,0,0.00000000,0.00000000,0
7.369834,28842380,0,0,0.00000000,0.00000000,0
7.379834,28852380,0,0,0.00000000,0.00000000,0
7.389834,28862380,0,0,0.00000000,0.00000000,0
7.399834,28872380,0,0,0.00000000,0.00000000,0
7.409834,28882380,0,0,0.00000000,0.00000000,0
7.419834,28892380,0,0,0.00000000,0.00000000,0
7.429834,28902380,0,0,0.00000000,0.00000000,0
7.439834,28912380,0,0,0.00000000,0.00000000,0
7.449834,28922380,0,0,0.00000000,0.00000000,0
7.459834,28932380,0,0,0.00000000,0.00000000,0
7.469834,28942380,0,0,0.00000000,0.00000000,0
7.479834,28952380,0,0,0.00000000,0.00000000,0
7.489834,28962380,0,0,0.00000000,0.00000000,0
7.499834,28972380,0,0,0.00000000,0.00000000,0
7.509834,28982380,0,0,0.00000000,0.00000000,0
7.519834,28992380,0,0,0.00000000,0.00000000,0
7.529834,29002380,0,0,0.00000000,0.00000000,0
7.539834,29012380,0,0,0.00000000,0.00000000,0
7.549834,29022380,0,0,0.00000000,0.00000000,0
7.559834,29032380,0,0,0.00000000,0.00000000,0
7.569834,29042380,0,0,0.00000000,0.00000000,0
7.579834,29052380,0,0,0.00000000,0.00000000,0
7.589834,29062380,0,0,0.00000000,0.00000000,0
7.599834,29072380,0,0,0.00000000,0.00000000,0
7.609834,29082380,0,0,0.00000000,0.00000000,0
7.619834,29092380,0,0,0.00000000,0.00000000,0
7.629834,29102380,0,0,0.00000000,0.00000000,0
7.639834,29112380,0,0,0.00000000,0.00000000,0
7.649834,29122380,0,0,0.00000000,0.00000000,0
7.659834,29132380,0,0,0.00000000,0.00000000,0
7.669834,29142380,0,0,0.00000000,0.00000000,0
7.679834,29152380,0,0,0.00000000,0.00000000,0
7.689834,29162380,0,0,0.00000000,0.00000000,0
7.699834,29172380,0,0,0.00000000,0.00000000,0
7.709834,29182380,0,0,0.00000000,0.00000000,0
7.719834,29192380,0,0,0.00000000,0.00000000,0
7.729834,29202380,0,0,0.00000000,0.00000000,0
7.739834,29212380,0,0,0.00000000,0.00000000,0
7.749834,29222380,0,0,0.00000000,0.00000000,0
7.759834,29232380,0,0,0.00000000,0.00000000,0
7.769834,29242380,0,0,0.00000000,0.00000000,0
7.779834,29252380,0,0,0.00000000,0.00000000,0
7.789834,29262380,0,0,0.00000000,0.00000000,0
7.799834,29272380,0,0,0.00000000,0.00000000,0
7.809834,29282380,0,0,0.00000000,0.00000000,0
7.819834,29292380,0,0,0.00000000,0.00000000,0
7.829834,29302380,0,0,0.00000000,0.00000000,0
7.839834,29312380,0,0,0.00000000,0.00000000,0
7.849834,29322380,0,0,0.00000000,0.00000000,0
7.859834,29332380,0,0,0.00000000,0.00000000,0
7.869834,29342380,0,0,0.00000000,0.00000000,0
7.879834,29352380,0,0,0.00000000,0.00000000,0
7.889834,29362380,0,0,0.00000000,0.00000000,0
7.899834,29372380,0,0,0.00000000,0.00000000,0
7.909834,29382380,0,0,0.00000000,0.00000000,0
7.919834,29392380,0,0,0.00000000,0.00000000,0
7.929834,29402380,-5,-5,-0.00066497,-0.00066497,-1
7.939838,29412384,-18,-13,-0.00172892,-0.00239389,-1
7.949834,29422380,-30,-12,-0.00159593,-0.00398982,-1
7.959834,29432380,-42,-12,-0.00159593,-0.00558575,-1
7.969838,29442384,-54,-12,-0.00159593,-0.00718168,-1
7.979834,29452380,-64,-10,-0.00132994,-0.00851162,-1
7.989834,29462380,-76,-12,-0.00159593,-0.01010755,-1
7.999839,29472385,-90,-14,-0.00186192,-0.01196947,-1
8.009834,29482380,-105,-15,-0.00199491,-0.01396438,-1
8.019834,29492380,-120,-15,-0.00199491,-0.01595929,-1
8.029838,29502384,-135,-15,-0.00199491,-0.01795420,-1
8.039838,29512384,-150,-15,-0.00199491,-0.01994911,-1
8.049838,29522384,-165,-15,-0.00199491,-0.02194402,-1
8.059838,29532384,-181,-16,-0.00212791,-0.02407193,-1
8.069834,29542380,-196,-15,-0.00199491,-0.02606684,-1
8.079834,29552380,-214,-18,-0.00239389,-0.02846073,-1
8.089838,29562384,-231,-17,-0.00226090,-0.03072163,-1
8.099839,29572385,-248,-17,-0.00226090,-0.03298253,-1
8.109838,29582384,-263,-15,-0.00199491,-0.03497744,-1
8.119839,29592385,-278,-15,-0.00199491,-0.03697236,-1
8.129838,29602384,-292,-14,-0.00186192,-0.03883427,-1
8.139838,29612384,-306,-14,-0.00186192,-0.04069619,-1
8.149834,29622380,-320,-14,-0.00186192,-0.04255811,-1
8.159839,29632385,-339,-19,-0.00252689,-0.04508499,-1
8.169839,29642385,-358,-19,-0.00252689,-0.04761188,-1
8.179839,29652385,-378,-20,-0.00265988,-0.05027176,-1
8.189838,29662384,-398,-20,-0.00265988,-0.05293165,-1
8.199839,29672385,-417,-19,-0.00252689,-0.05545853,-1
8.209838,29682384,-435,-18,-0.00239389,-0.05785243,-1
8.219838,29692384,-453,-18,-0.00239389,-0.06024632,-1
8.229834,29702380,-473,-20,-0.00265988,-0.06290621,-1
8.239834,29712380,-493,-20,-0.00265988,-0.06556609,-1
8.249839,29722385,-511,-18,-0.00239389,-0.06795998,-1
8.259838,29732384,-527,-16,-0.00212791,-0.07008788,-1
8.269834,29742380,-539,-12,-0.00159593,-0.07168381,-1
8.279839,29752385,-546,-7,-0.00093096,-0.07261477,-1
8.289834,29762380,-549,-3,-0.00039898,-0.07301375,-1
8.299839,29772385,-550,-1,-0.00013299,-0.07314675,-1
8.309834,29782380,-550,0,0.00000000,-0.07314675,0
8.319838,29792384,-548,2,0.00026599,-0.07288076,1
8.329838,29802384,-547,1,0.00013299,-0.07274777,1
8.339834,29812380,-545,2,0.00026599,-0.07248177,1
8.349834,29822380,-542,3,0.00039898,-0.07208280,1
8.359838,29832384,-538,4,0.00053198,-0.07155082,1
8.369839,29842385,-533,5,0.00066497,-0.07088584,1
8.379834,29852380,-526,7,0.00093096,-0.06995489,1
8.389834,29862380,-520,6,0.00079796,-0.06915692,1
8.399838,29872384,-514,6,0.00079796,-0.06835896,1
8.409838,29882384,-510,4,0.00053198,-0.06782699,1
8.419834,29892380,-506,4,0.00053198,-0.06729501,1
8.429834,29902380,-505,1,0.00013299,-0.06716201,1
8.439838,29912384,-505,0,0.00000000,-0.06716201,0
8.449834,29922380,-505,0,0.00000000,-0.06716201,0
8.459839,29932385,-506,-1,-0.00013299,-0.06729501,-1
8.469834,29942380,-506,0,0.00000000,-0.06729501,0
8.479839,29952385,-506,0,0.00000000,-0.06729501,0
8.489834,29962380,-505,1,0.00013299,-0.06716201,1
8.499838,29972384,-505,0,0.00000000,-0.06716201,0
8.509834,29982380,-506,-1,-0.00013299,-0.06729501,-1
8.519834,29992380,-506,0,0.00000000,-0.06729501,0
8.529839,30002385,-506,0,0.00000000,-0.06729501,0
8.539834,30012380,-506,0,0.00000000,-0.06729501,0
8.549839,30022385,-506,0,0.00000000,-0.06729501,0
8.559834,30032380,-506,0,0.00000000,-0.06729501,0
8.569839,30042385,-506,0,0.00000000,-0.06729501,0
8.579834,30052380,-506,0,0.00000000,-0.06729501,0
8.589839,30062385,-506,0,0.00000000,-0.06729501,0
8.599834,30072380,-506,0,0.00000000,-0.06729501,0
8.609839,30082385,-506,0,0.00000000,-0.06729501,0
8.619834,30092380,-506,0,0.00000000,-0.06729501,0
8.629839,30102385,-506,0,0.00000000,-0.06729501,0
8.639834,30112380,-506,0,0.00000000,-0.06729501,0
8.649839,30122385,-505,1,0.00013299,-0.06716201,1
8.659834,30132380,-504,1,0.00013299,-0.06702902,1
8.669834,30142380,-502,2,0.00026599,-0.06676303,1
8.679834,30152380,-499,3,0.00039898,-0.06636405,1
8.689834,30162380,-497,2,0.00026599,-0.06609806,1
8.699838,30172384,-497,0,0.00000000,-0.06609806,0
8.709834,30182380,-498,-1,-0.00013299,-0.06623106,-1
8.719834,30192380,-500,-2,-0.00026599,-0.06649704,-1
8.729838,30202384,-504,-4,-0.00053198,-0.06702902,-1
8.739834,30212380,-508,-4,-0.00053198,-0.06756099,-1
8.749838,30222384,-510,-2,-0.00026599,-0.06782699,-1
8.759834,30232380,-515,-5,-0.00066497,-0.06849195,-1
8.769839,30242385,-521,-6,-0.00079796,-0.06928992,-1
8.779834,30252380,-529,-8,-0.00106395,-0.07035387,-1
8.789839,30262385,-536,-7,-0.00093096,-0.07128483,-1
8.799834,30272380,-543,-7,-0.00093096,-0.07221579,-1
8.809834,30282380,-549,-6,-0.00079796,-0.07301375,-1
8.819838,30292384,-558,-9,-0.00119695,-0.07421070,-1
8.829834,30302380,-570,-12,-0.00159593,-0.07580663,-1
8.839834,30312380,-584,-14,-0.00186192,-0.07766855,-1
8.849838,30322384,-597,-13,-0.00172892,-0.07939747,-1
8.859838,30332384,-610,-13,-0.00172892,-0.08112639,-1
8.869838,30342384,-622,-12,-0.00159593,-0.08272232,-1
8.879838,30352384,-633,-11,-0.00146294,-0.08418526,-1
8.889834,30362380,-645,-12,-0.00159593,-0.08578119,-1
8.899838,30372384,-655,-10,-0.00132994,-0.08711112,-1
8.909839,30382385,-666,-11,-0.00146294,-0.08857406,-1
8.919838,30392384,-677,-11,-0.00146294,-0.09003700,-1
8.929834,30402380,-691,-14,-0.00186192,-0.09189891,-1
8.939834,30412380,-707,-16,-0.00212791,-0.09402682,-1
8.949839,30422385,-722,-15,-0.00199491,-0.09602173,-1
8.959838,30432384,-736,-14,-0.00186192,-0.09788365,-1
8.969834,30442380,-748,-12,-0.00159593,-0.09947958,-1
8.979839,30452385,-761,-13,-0.00172892,-0.10120850,-1
8.989838,30462384,-773,-12,-0.00159593,-0.10280443,-1
8.999838,30472384,-786,-13,-0.00172892,-0.10453335,-1
9.009838,30482384,-799,-13,-0.00172892,-0.10626227,-1
9.019839,30492385,-816,-17,-0.00226090,-0.10852318,-1
9.029838,30502384,-832,-16,-0.00212791,-0.11065108,-1
9.039838,30512384,-848,-16,-0.00212791,-0.11277898,-1
9.049838,30522384,-862,-14,-0.00186192,-0.11464090,-1
9.059839,30532385,-875,-13,-0.00172892,-0.11636983,-1
9.069838,30542384,-887,-12,-0.00159593,-0.11796576,-1
9.079838,30552384,-900,-13,-0.00172892,-0.11969468,-1
9.089838,30562384,-912,-12,-0.00159593,-0.12129061,-1
9.099839,30572385,-927,-15,-0.00199491,-0.12328552,-1
9.109838,30582384,-945,-18,-0.00239389,-0.12567942,-1
9.119834,30592380,-963,-18,-0.00239389,-0.12807330,-1
9.129834,30602380,-980,-17,-0.00226090,-0.13033420,-1
9.139834,30612380,-996,-16,-0.00212791,-0.13246211,-1
9.149839,30622385,-1012,-16,-0.00212791,-0.13459001,-1
9.159838,30632384,-1026,-14,-0.00186192,-0.13645193,-1
9.169839,30642385,-1040,-14,-0.00186192,-0.13831384,-1
9.179839,30652385,-1058,-18,-0.00239389,-0.14070775,-1
9.189839,30662385,-1076,-18,-0.00239389,-0.14310163,-1
9.199839,30672385,-1093,-17,-0.00226090,-0.14536254,-1
9.209834,30682380,-1108,-15,-0.00199491,-0.14735745,-1
9.219834,30692380,-1121,-13,-0.00172892,-0.14908637,-1
9.229834,30702380,-1131,-10,-0.00132994,-0.15041631,-1
9.239834,30712380,-1136,-5,-0.00066497,-0.15108128,-1
9.249839,30722385,-1135,1,0.00013299,-0.15094829,1
9.259834,30732380,-1131,4,0.00053198,-0.15041631,1
9.269839,30742385,-1126,5,0.00066497,-0.14975134,1
9.279834,30752380,-1121,5,0.00066497,-0.14908637,1
9.289838,30762384,-1116,5,0.00066497,-0.14842141,1
9.299834,30772380,-1111,5,0.00066497,-0.14775643,1
9.309839,30782385,-1109,2,0.00026599,-0.14749044,1
9.319834,30792380,-1107,2,0.00026599,-0.14722446,1
9.329838,30802384,-1107,0,0.00000000,-0.14722446,0
9.339834,30812380,-1108,-1,-0.00013299,-0.14735745,-1
9.349838,30822384,-1108,0,0.00000000,-0.14735745,0
9.359834,30832380,-1108,0,0.00000000,-0.14735745,0
9.369834,30842380,-1108,0,0.00000000,-0.14735745,0
9.379834,30852380,-1108,0,0.00000000,-0.14735745,0
9.389834,30862380,-1108,0,0.00000000,-0.14735745,0
9.399834,30872380,-1108,0,0.00000000,-0.14735745,0
9.409834,30882380,-1108,0,0.00000000,-0.14735745,0
9.419834,30892380,-1108,0,0.00000000,-0.14735745,0
9.429834,30902380,-1108,0,0.00000000,-0.14735745,0
9.439834,30912380,-1108,0,0.00000000,-0.14735745,0
9.449834,30922380,-1108,0,0.00000000,-0.14735745,0
9.459834,30932380,-1108,0,0.00000000,-0.14735745,0
9.469834,30942380,-1108,0,0.00000000,-0.14735745,0
9.479834,30952380,-1108,0,0.00000000,-0.14735745,0
9.489834,30962380,-1108,0,0.00000000,-0.14735745,0
9.499834,30972380,-1107,1,0.00013299,-0.14722446,1
9.509834,30982380,-1107,0,0.00000000,-0.14722446,0
9.519838,30992384,-1107,0,0.00000000,-0.14722446,0
9.529839,31002385,-1107,0,0.00000000,-0.14722446,0
9.539838,31012384,-1107,0,0.00000000,-0.14722446,0
9.549838,31022384,-1107,0,0.00000000,-0.14722446,0
9.559839,31032385,-1107,0,0.00000000,-0.14722446,0
9.569839,31042385,-1107,0,0.00000000,-0.14722446,0
9.579838,31052384,-1107,0,0.00000000,-0.14722446,0
9.589838,31062384,-1107,0,0.00000000,-0.14722446,0
9.599839,31072385,-1108,-1,-0.00013299,-0.14735745,-1
9.609834,31082380,-1109,-1,-0.00013299,-0.14749044,-1
9.619839,31092385,-1112,-3,-0.00039898,-0.14788942,-1
9.629834,31102380,-1116,-4,-0.00053198,-0.14842141,-1
9.639839,31112385,-1121,-5,-0.00066497,-0.14908637,-1
9.649834,31122380,-1128,-7,-0.00093096,-0.15001734,-1
9.659838,31132384,-1135,-7,-0.00093096,-0.15094829,-1
9.669834,31142380,-1141,-6,-0.00079796,-0.15174626,-1
9.679839,31152385,-1147,-6,-0.00079796,-0.15254422,-1
9.689834,31162380,-1155,-8,-0.00106395,-0.15360817,-1
9.699834,31172380,-1167,-12,-0.00159593,-0.15520410,-1
9.709834,31182380,-1182,-15,-0.00199491,-0.15719901,-1
9.719834,31192380,-1196,-14,-0.00186192,-0.15906093,-1
9.729839,31202385,-1211,-15,-0.00199491,-0.16105583,-1
9.739839,31212385,-1224,-13,-0.00172892,-0.16278476,-1
9.749834,31222380,-1238,-14,-0.00186192,-0.16464669,-1
9.759834,31232380,-1251,-13,-0.00172892,-0.16637561,-1
9.769834,31242380,-1263,-12,-0.00159593,-0.16797154,-1
9.779834,31252380,-1276,-13,-0.00172892,-0.16970046,-1
9.789834,31262380,-1293,-17,-0.00226090,-0.17196135,-1
9.799834,31272380,-1311,-18,-0.00239389,-0.17435525,-1
9.809834,31282380,-1327,-16,-0.00212791,-0.17648315,-1
9.819834,31292380,-1343,-16,-0.00212791,-0.17861106,-1
9.829834,31302380,-1358,-15,-0.00199491,-0.18060596,-1
9.839834,31312380,-1372,-14,-0.00186192,-0.18246789,-1
9.849834,31322380,-1386,-14,-0.00186192,-0.18432981,-1
9.859834,31332380,-1401,-15,-0.00199491,-0.18632472,-1
9.869834,31342380,-1419,-18,-0.00239389,-0.18871860,-1
9.879834,31352380,-1436,-17,-0.00226090,-0.19097951,-1
9.889834,31362380,-1452,-16,-0.00212791,-0.19310741,-1
9.899834,31372380,-1466,-14,-0.00186192,-0.19496933,-1
9.909834,31382380,-1481,-15,-0.00199491,-0.19696423,-1
9.919834,31392380,-1496,-15,-0.00199491,-0.19895916,-1
9.929834,31402380,-1511,-15,-0.00199491,-0.20095406,-1
9.939834,31412380,-1530,-19,-0.00252689,-0.20348096,-1
9.949838,31422384,-1552,-22,-0.00292587,-0.20640682,-1
9.959834,31432380,-1572,-20,-0.00265988,-0.20906670,-1
9.969834,31442380,-1591,-19,-0.00252689,-0.21159360,-1
9.979834,31452380,-1609,-18,-0.00239389,-0.21398748,-1
9.989834,31462380,-1626,-17,-0.00226090,-0.21624838,-1
