time_s,t_us,pcnt_count,d_pcnt,dpos_m,position_m,dir_m1_0_p1,adc_a,adc_b
0.000000,22376588,0,0,0.00000000,0.00000000,0,4095,4095
0.009839,22386427,-2,-2,-0.00026599,-0.00026599,-1,4095,4095
0.019843,22396431,-2,0,0.00000000,-0.00026599,0,4095,4095
0.029843,22406431,-2,0,0.00000000,-0.00026599,0,4095,4095
0.039843,22416431,-2,0,0.00000000,-0.00026599,0,4095,4095
0.049839,22426427,-2,0,0.00000000,-0.00026599,0,4095,4095
0.059839,22436427,-2,0,0.00000000,-0.00026599,0,4095,4095
0.069839,22446427,-2,0,0.00000000,-0.00026599,0,4095,4095
0.079839,22456427,-2,0,0.00000000,-0.00026599,0,4095,4095
0.089839,22466427,-2,0,0.00000000,-0.00026599,0,4095,4095
0.099839,22476427,-2,0,0.00000000,-0.00026599,0,4095,4095
0.109839,22486427,-2,0,0.00000000,-0.00026599,0,4095,4095
0.119843,22496431,-2,0,0.00000000,-0.00026599,0,4095,4095
0.129843,22506431,-2,0,0.00000000,-0.00026599,0,4095,4095
0.139843,22516431,-2,0,0.00000000,-0.00026599,0,4095,4095
0.149843,22526431,-2,0,0.00000000,-0.00026599,0,4095,4095
0.159843,22536431,-2,0,0.00000000,-0.00026599,0,4095,4095
0.169843,22546431,-2,0,0.00000000,-0.00026599,0,4095,4095
0.179843,22556431,-2,0,0.00000000,-0.00026599,0,4095,4095
0.189839,22566427,-2,0,0.00000000,-0.00026599,0,4095,4095
0.199843,22576431,-2,0,0.00000000,-0.00026599,0,4095,4095
0.209843,22586431,-2,0,0.00000000,-0.00026599,0,4095,4095
0.219843,22596431,-2,0,0.00000000,-0.00026599,0,4095,4095
0.229843,22606431,-2,0,0.00000000,-0.00026599,0,4095,4095
0.239843,22616431,-2,0,0.00000000,-0.00026599,0,4095,4095
0.249843,22626431,-2,0,0.00000000,-0.00026599,0,4095,4095
0.259843,22636431,-2,0,0.00000000,-0.00026599,0,4095,4095
0.269843,22646431,-2,0,0.00000000,-0.00026599,0,4095,4095
0.279843,22656431,-2,0,0.00000000,-0.00026599,0,4095,4095
0.289843,22666431,-2,0,0.00000000,-0.00026599,0,4095,4095
0.299843,22676431,-2,0,0.00000000,-0.00026599,0,4095,4095
0.309843,22686431,-2,0,0.00000000,-0.00026599,0,4095,4095
0.319843,22696431,-2,0,0.00000000,-0.00026599,0,4095,4095
0.329843,22706431,-2,0,0.00000000,-0.00026599,0,4095,4095
0.339839,22716427,-2,0,0.00000000,-0.00026599,0,4095,4095
0.349839,22726427,-2,0,0.00000000,-0.00026599,0,4095,4095
0.359843,22736431,-2,0,0.00000000,-0.00026599,0,4095,4095
0.369843,22746431,-2,0,0.00000000,-0.00026599,0,4095,4095
0.379839,22756427,-2,0,0.00000000,-0.00026599,0,4095,4095
0.389843,22766431,-2,0,0.00000000,-0.00026599,0,4095,4095
0.399843,22776431,-2,0,0.00000000,-0.00026599,0,4095,4095
0.409843,22786431,-2,0,0.00000000,-0.00026599,0,4095,4095
0.419843,22796431,-2,0,0.00000000,-0.00026599,0,4095,4095
0.429843,22806431,-2,0,0.00000000,-0.00026599,0,4095,4095
0.439843,22816431,-2,0,0.00000000,-0.00026599,0,4095,4095
0.449843,22826431,-2,0,0.00000000,-0.00026599,0,4095,4095
0.459839,22836427,-2,0,0.00000000,-0.00026599,0,4095,4095
0.469839,22846427,-2,0,0.00000000,-0.00026599,0,4095,4095
0.479839,22856427,-2,0,0.00000000,-0.00026599,0,4095,4095
0.489839,22866427,-2,0,0.00000000,-0.00026599,0,4095,4095
0.499839,22876427,-2,0,0.00000000,-0.00026599,0,4095,4095
0.509839,22886427,-2,0,0.00000000,-0.00026599,0,4095,4095
0.519839,22896427,-2,0,0.00000000,-0.00026599,0,4095,4095
0.529839,22906427,-2,0,0.00000000,-0.00026599,0,4095,4095
0.539839,22916427,-2,0,0.00000000,-0.00026599,0,4095,4095
0.549839,22926427,-2,0,0.00000000,-0.00026599,0,4095,4095
0.559839,22936427,-2,0,0.00000000,-0.00026599,0,4095,4095
0.569839,22946427,-2,0,0.00000000,-0.00026599,0,4095,4095
0.579843,22956431,-2,0,0.00000000,-0.00026599,0,4095,4095
0.589843,22966431,-2,0,0.00000000,-0.00026599,0,4095,4095
0.599843,22976431,-2,0,0.00000000,-0.00026599,0,4095,4095
0.609843,22986431,-2,0,0.00000000,-0.00026599,0,4095,4095
0.619843,22996431,-2,0,0.00000000,-0.00026599,0,4095,4095
0.629843,23006431,-2,0,0.00000000,-0.00026599,0,4095,4095
0.639843,23016431,-2,0,0.00000000,-0.00026599,0,4095,4095
0.649843,23026431,-2,0,0.00000000,-0.00026599,0,4095,4095
0.659843,23036431,-2,0,0.00000000,-0.00026599,0,4095,4095
0.669843,23046431,-2,0,0.00000000,-0.00026599,0,4095,4095
0.679843,23056431,-2,0,0.00000000,-0.00026599,0,4095,4095
0.689843,23066431,-2,0,0.00000000,-0.00026599,0,4095,4095
0.699843,23076431,-2,0,0.00000000,-0.00026599,0,4095,4095
0.709843,23086431,-2,0,0.00000000,-0.00026599,0,4095,4095
0.719839,23096427,-2,0,0.00000000,-0.00026599,0,4095,4095
0.729839,23106427,-2,0,0.00000000,-0.00026599,0,4095,4095
0.739839,23116427,-2,0,0.00000000,-0.00026599,0,4095,4095
0.749839,23126427,-2,0,0.00000000,-0.00026599,0,4095,4095
0.759839,23136427,-2,0,0.00000000,-0.00026599,0,4095,4095
0.769839,23146427,-2,0,0.00000000,-0.00026599,0,4095,4095
0.779839,23156427,-2,0,0.00000000,-0.00026599,0,4095,4095
0.789839,23166427,-2,0,0.00000000,-0.00026599,0,4095,4095
0.799839,23176427,-2,0,0.00000000,-0.00026599,0,4095,4095
0.809839,23186427,-2,0,0.00000000,-0.00026599,0,4095,4095
0.819839,23196427,-2,0,0.00000000,-0.00026599,0,4095,4095
0.829839,23206427,-2,0,0.00000000,-0.00026599,0,4095,4095
0.839839,23216427,-2,0,0.00000000,-0.00026599,0,4095,4095
0.849843,23226431,-2,0,0.00000000,-0.00026599,0,4095,4095
0.859843,23236431,-2,0,0.00000000,-0.00026599,0,4095,4095
0.869843,23246431,-2,0,0.00000000,-0.00026599,0,4095,4095
0.879843,23256431,-2,0,0.00000000,-0.00026599,0,4095,4095
0.889843,23266431,-2,0,0.00000000,-0.00026599,0,4095,4095
0.899839,23276427,-2,0,0.00000000,-0.00026599,0,4095,4095
0.909839,23286427,-2,0,0.00000000,-0.00026599,0,4095,4095
0.919843,23296431,-2,0,0.00000000,-0.00026599,0,4095,4095
0.929843,23306431,-2,0,0.00000000,-0.00026599,0,4095,4095
0.939843,23316431,-2,0,0.00000000,-0.00026599,0,4095,4095
0.949843,23326431,-2,0,0.00000000,-0.00026599,0,4095,4095
0.959843,23336431,-2,0,0.00000000,-0.00026599,0,4095,4095
0.969843,23346431,-2,0,0.00000000,-0.00026599,0,4095,4095
0.979843,23356431,-2,0,0.00000000,-0.00026599,0,4095,4095
0.989843,23366431,-2,0,0.00000000,-0.00026599,0,4095,4095
0.999843,23376431,-2,0,0.00000000,-0.00026599,0,4095,4095
1.009839,23386427,-2,0,0.00000000,-0.00026599,0,4095,4095
1.019839,23396427,-2,0,0.00000000,-0.00026599,0,4095,4095
1.029839,23406427,-2,0,0.00000000,-0.00026599,0,4095,4095
1.039839,23416427,-2,0,0.00000000,-0.00026599,0,4095,4095
1.049839,23426427,-2,0,0.00000000,-0.00026599,0,4095,4095
1.059843,23436431,-2,0,0.00000000,-0.00026599,0,4095,4095
1.069839,23446427,-2,0,0.00000000,-0.00026599,0,4095,4095
1.079839,23456427,-2,0,0.00000000,-0.00026599,0,4095,4095
1.089839,23466427,-2,0,0.00000000,-0.00026599,0,4095,4095
1.099843,23476431,-2,0,0.00000000,-0.00026599,0,4095,4095
1.109843,23486431,-2,0,0.00000000,-0.00026599,0,4095,4095
1.119843,23496431,-2,0,0.00000000,-0.00026599,0,4095,4095
1.129843,23506431,-2,0,0.00000000,-0.00026599,0,4095,4095
1.139843,23516431,-2,0,0.00000000,-0.00026599,0,4095,4095
1.149843,23526431,-2,0,0.00000000,-0.00026599,0,4095,4095
1.159843,23536431,-2,0,0.00000000,-0.00026599,0,4095,4095
1.169843,23546431,-2,0,0.00000000,-0.00026599,0,4095,4095
1.179843,23556431,-2,0,0.00000000,-0.00026599,0,4095,4095
1.189843,23566431,-2,0,0.00000000,-0.00026599,0,4095,4095
1.199839,23576427,-2,0,0.00000000,-0.00026599,0,4095,4095
1.209839,23586427,-2,0,0.00000000,-0.00026599,0,4095,4095
1.219839,23596427,-2,0,0.00000000,-0.00026599,0,4095,4095
1.229839,23606427,-2,0,0.00000000,-0.00026599,0,4095,4095
1.239839,23616427,-2,0,0.00000000,-0.00026599,0,4095,4095
1.249843,23626431,-2,0,0.00000000,-0.00026599,0,4095,4095
1.259843,23636431,-2,0,0.00000000,-0.00026599,0,4095,4095
1.269843,23646431,-2,0,0.00000000,-0.00026599,0,4095,4095
1.279843,23656431,-2,0,0.00000000,-0.00026599,0,4095,4095
1.289843,23666431,-2,0,0.00000000,-0.00026599,0,4095,4095
1.299843,23676431,-2,0,0.00000000,-0.00026599,0,4095,4095
1.309843,23686431,-2,0,0.00000000,-0.00026599,0,4095,4095
1.319843,23696431,-2,0,0.00000000,-0.00026599,0,4095,4095
1.329843,23706431,-2,0,0.00000000,-0.00026599,0,4095,4095
1.339839,23716427,-2,0,0.00000000,-0.00026599,0,4095,4095
1.349839,23726427,-2,0,0.00000000,-0.00026599,0,4095,4095
1.359839,23736427,-2,0,0.00000000,-0.00026599,0,4095,4095
1.369839,23746427,-2,0,0.00000000,-0.00026599,0,4095,4095
1.379839,23756427,-2,0,0.00000000,-0.00026599,0,4095,4095
1.389839,23766427,-2,0,0.00000000,-0.00026599,0,4095,4095
1.399839,23776427,-2,0,0.00000000,-0.00026599,0,4095,4095
1.409839,23786427,-2,0,0.00000000,-0.00026599,0,4095,4095
1.419843,23796431,-2,0,0.00000000,-0.00026599,0,4095,4095
1.429839,23806427,-2,0,0.00000000,-0.00026599,0,4095,4095
1.439839,23816427,-2,0,0.00000000,-0.00026599,0,4095,4095
1.449839,23826427,-2,0,0.00000000,-0.00026599,0,4095,4095
1.459839,23836427,-2,0,0.00000000,-0.00026599,0,4095,4095
1.469839,23846427,-2,0,0.00000000,-0.00026599,0,4095,4095
1.479839,23856427,-2,0,0.00000000,-0.00026599,0,4095,4095
1.489839,23866427,-2,0,0.00000000,-0.00026599,0,4095,4095
1.499839,23876427,-2,0,0.00000000,-0.00026599,0,4095,4095
1.509843,23886431,-2,0,0.00000000,-0.00026599,0,4095,4095
1.519843,23896431,-2,0,0.00000000,-0.00026599,0,4095,4095
1.529843,23906431,-2,0,0.00000000,-0.00026599,0,4095,4095
1.539839,23916427,-2,0,0.00000000,-0.00026599,0,4095,4095
1.549839,23926427,-2,0,0.00000000,-0.00026599,0,4095,4095
1.559843,23936431,-2,0,0.00000000,-0.00026599,0,4095,4095
1.569843,23946431,-2,0,0.00000000,-0.00026599,0,4095,4095
1.579843,23956431,-2,0,0.00000000,-0.00026599,0,4095,4095
1.589843,23966431,-2,0,0.00000000,-0.00026599,0,4095,4095
1.599843,23976431,-2,0,0.00000000,-0.00026599,0,4095,4095
1.609843,23986431,-2,0,0.00000000,-0.00026599,0,4095,4095
1.619843,23996431,-2,0,0.00000000,-0.00026599,0,4095,4095
1.629843,24006431,-2,0,0.00000000,-0.00026599,0,4095,4095
1.639843,24016431,-2,0,0.00000000,-0.00026599,0,4095,4095
1.649839,24026427,-2,0,0.00000000,-0.00026599,0,4095,4095
1.659839,24036427,-2,0,0.00000000,-0.00026599,0,4095,4095
1.669839,24046427,-2,0,0.00000000,-0.00026599,0,4095,4095
1.679843,24056431,-2,0,0.00000000,-0.00026599,0,4095,4095
1.689843,24066431,-2,0,0.00000000,-0.00026599,0,4095,4095
1.699843,24076431,-2,0,0.00000000,-0.00026599,0,4095,4095
1.709843,24086431,-2,0,0.00000000,-0.00026599,0,4095,4095
1.719843,24096431,-2,0,0.00000000,-0.00026599,0,4095,4095
1.729839,24106427,-2,0,0.00000000,-0.00026599,0,4095,4095
1.739843,24116431,-2,0,0.00000000,-0.00026599,0,4095,4095
1.749843,24126431,-2,0,0.00000000,-0.00026599,0,4095,4095
1.759839,24136427,-2,0,0.00000000,-0.00026599,0,4095,4095
1.769843,24146431,-2,0,0.00000000,-0.00026599,0,4095,4095
1.779843,24156431,-2,0,0.00000000,-0.00026599,0,4095,4095
1.789843,24166431,-2,0,0.00000000,-0.00026599,0,4095,4095
1.799839,24176427,-2,0,0.00000000,-0.00026599,0,4095,4095
1.809839,24186427,-2,0,0.00000000,-0.00026599,0,4095,4095
1.819843,24196431,-2,0,0.00000000,-0.00026599,0,4095,4095
1.829843,24206431,-2,0,0.00000000,-0.00026599,0,4095,4095
1.839843,24216431,-2,0,0.00000000,-0.00026599,0,4095,4095
1.849843,24226431,-2,0,0.00000000,-0.00026599,0,4095,4095
1.859843,24236431,-2,0,0.00000000,-0.00026599,0,4095,4095
1.869843,24246431,-2,0,0.00000000,-0.00026599,0,4095,4095
1.879843,24256431,-2,0,0.00000000,-0.00026599,0,4095,4095
1.889843,24266431,-2,0,0.00000000,-0.00026599,0,4095,4095
1.899843,24276431,-2,0,0.00000000,-0.00026599,0,4095,4095
1.909843,24286431,-2,0,0.00000000,-0.00026599,0,4095,4095
1.919843,24296431,-2,0,0.00000000,-0.00026599,0,4095,4095
1.929843,24306431,-2,0,0.00000000,-0.00026599,0,4095,4095
1.939843,24316431,-2,0,0.00000000,-0.00026599,0,4095,4095
1.949839,24326427,-2,0,0.00000000,-0.00026599,0,4095,4095
1.959839,24336427,-2,0,0.00000000,-0.00026599,0,4095,4095
1.969843,24346431,-2,0,0.00000000,-0.00026599,0,4095,4095
1.979839,24356427,-2,0,0.00000000,-0.00026599,0,4095,4095
1.989839,24366427,-2,0,0.00000000,-0.00026599,0,4095,4095
1.999843,24376431,-2,0,0.00000000,-0.00026599,0,4095,4095
2.009843,24386431,-2,0,0.00000000,-0.00026599,0,4095,4095
2.019843,24396431,-2,0,0.00000000,-0.00026599,0,4095,4095
2.029843,24406431,-2,0,0.00000000,-0.00026599,0,4095,4095
2.039843,24416431,-2,0,0.00000000,-0.00026599,0,4095,4095
2.049843,24426431,-2,0,0.00000000,-0.00026599,0,4095,4095
2.059843,24436431,-2,0,0.00000000,-0.00026599,0,4095,4095
2.069843,24446431,-2,0,0.00000000,-0.00026599,0,4095,4095
2.079843,24456431,-2,0,0.00000000,-0.00026599,0,4095,4095
2.089843,24466431,-2,0,0.00000000,-0.00026599,0,4095,4095
2.099843,24476431,-2,0,0.00000000,-0.00026599,0,4095,4095
2.109843,24486431,-2,0,0.00000000,-0.00026599,0,4095,4095
2.119839,24496427,-2,0,0.00000000,-0.00026599,0,4095,4095
2.129839,24506427,-2,0,0.00000000,-0.00026599,0,4095,4095
2.139839,24516427,-2,0,0.00000000,-0.00026599,0,4095,4095
2.149839,24526427,-2,0,0.00000000,-0.00026599,0,4095,4095
2.159839,24536427,-2,0,0.00000000,-0.00026599,0,4095,4095
2.169843,24546431,-2,0,0.00000000,-0.00026599,0,4095,4095
2.179839,24556427,-2,0,0.00000000,-0.00026599,0,4095,4095
2.189839,24566427,-2,0,0.00000000,-0.00026599,0,4095,4095
2.199843,24576431,-2,0,0.00000000,-0.00026599,0,4095,4095
2.209843,24586431,-2,0,0.00000000,-0.00026599,0,4095,4095
2.219843,24596431,-2,0,0.00000000,-0.00026599,0,4095,4095
2.229843,24606431,-2,0,0.00000000,-0.00026599,0,4095,4095
2.239843,24616431,-2,0,0.00000000,-0.00026599,0,4095,4095
2.249839,24626427,-2,0,0.00000000,-0.00026599,0,4095,4095
2.259839,24636427,-2,0,0.00000000,-0.00026599,0,4095,4095
2.269839,24646427,-2,0,0.00000000,-0.00026599,0,4095,4095
2.279843,24656431,-2,0,0.00000000,-0.00026599,0,4095,4095
2.289843,24666431,-2,0,0.00000000,-0.00026599,0,4095,4095
2.299843,24676431,-2,0,0.00000000,-0.00026599,0,4095,4095
2.309843,24686431,-2,0,0.00000000,-0.00026599,0,4095,4095
2.319843,24696431,-2,0,0.00000000,-0.00026599,0,4095,4095
2.329843,24706431,-2,0,0.00000000,-0.00026599,0,4095,4095
2.339843,24716431,-2,0,0.00000000,-0.00026599,0,4095,4095
2.349843,24726431,-2,0,0.00000000,-0.00026599,0,4095,4095
2.359843,24736431,-2,0,0.00000000,-0.00026599,0,4095,4095
2.369843,24746431,-2,0,0.00000000,-0.00026599,0,4095,4095
2.379839,24756427,-2,0,0.00000000,-0.00026599,0,4095,4095
2.389839,24766427,-2,0,0.00000000,-0.00026599,0,4095,4095
2.399839,24776427,-2,0,0.00000000,-0.00026599,0,4095,4095
2.409843,24786431,-2,0,0.00000000,-0.00026599,0,4095,4095
2.419839,24796427,-2,0,0.00000000,-0.00026599,0,4095,4095
2.429839,24806427,-2,0,0.00000000,-0.00026599,0,4095,4095
2.439843,24816431,-2,0,0.00000000,-0.00026599,0,4095,4095
2.449843,24826431,-2,0,0.00000000,-0.00026599,0,4095,4095
2.459843,24836431,-2,0,0.00000000,-0.00026599,0,4095,4095
2.469843,24846431,-2,0,0.00000000,-0.00026599,0,4095,4095
2.479843,24856431,-2,0,0.00000000,-0.00026599,0,4095,4095
2.489843,24866431,-2,0,0.00000000,-0.00026599,0,4095,4095
2.499839,24876427,-2,0,0.00000000,-0.00026599,0,4095,4095
2.509839,24886427,-2,0,0.00000000,-0.00026599,0,4095,4095
2.519843,24896431,-2,0,0.00000000,-0.00026599,0,4095,4095
2.529843,24906431,-2,0,0.00000000,-0.00026599,0,4095,4095
2.539843,24916431,-2,0,0.00000000,-0.00026599,0,4095,4095
2.549843,24926431,-2,0,0.00000000,-0.00026599,0,4095,4095
2.559843,24936431,-2,0,0.00000000,-0.00026599,0,4095,4095
2.569839,24946427,-2,0,0.00000000,-0.00026599,0,4095,4095
2.579839,24956427,-2,0,0.00000000,-0.00026599,0,4095,4095
2.589843,24966431,-2,0,0.00000000,-0.00026599,0,4095,4095
2.599843,24976431,-2,0,0.00000000,-0.00026599,0,4095,4095
2.609843,24986431,-2,0,0.00000000,-0.00026599,0,4095,4095
2.619843,24996431,-2,0,0.00000000,-0.00026599,0,4095,4095
2.629843,25006431,-2,0,0.00000000,-0.00026599,0,4095,4095
2.639843,25016431,-2,0,0.00000000,-0.00026599,0,4095,4095
2.649843,25026431,-2,0,0.00000000,-0.00026599,0,4095,4095
2.659843,25036431,-2,0,0.00000000,-0.00026599,0,4095,4095
2.669843,25046431,-2,0,0.00000000,-0.00026599,0,4095,4095
2.679843,25056431,-2,0,0.00000000,-0.00026599,0,4095,4095
2.689839,25066427,-2,0,0.00000000,-0.00026599,0,4095,4095
2.699839,25076427,-2,0,0.00000000,-0.00026599,0,4095,4095
2.709839,25086427,-2,0,0.00000000,-0.00026599,0,4095,4095
2.719839,25096427,-2,0,0.00000000,-0.00026599,0,4095,4095
2.729843,25106431,-2,0,0.00000000,-0.00026599,0,4095,4095
2.739843,25116431,-2,0,0.00000000,-0.00026599,0,4095,4095
2.749843,25126431,-2,0,0.00000000,-0.00026599,0,4095,4095
2.759843,25136431,-2,0,0.00000000,-0.00026599,0,4095,4095
2.769839,25146427,-2,0,0.00000000,-0.00026599,0,4095,4095
2.779843,25156431,-2,0,0.00000000,-0.00026599,0,4095,4095
2.789843,25166431,-2,0,0.00000000,-0.00026599,0,4095,4095
2.799843,25176431,-2,0,0.00000000,-0.00026599,0,4095,4095
2.809843,25186431,-2,0,0.00000000,-0.00026599,0,4095,4095
2.819839,25196427,-2,0,0.00000000,-0.00026599,0,4095,4095
2.829839,25206427,-2,0,0.00000000,-0.00026599,0,4095,4095
2.839839,25216427,-2,0,0.00000000,-0.00026599,0,4095,4095
2.849839,25226427,-2,0,0.00000000,-0.00026599,0,4095,4095
2.859839,25236427,-2,0,0.00000000,-0.00026599,0,4095,4095
2.869843,25246431,-2,0,0.00000000,-0.00026599,0,4095,4095
2.879843,25256431,-2,0,0.00000000,-0.00026599,0,4095,4095
2.889843,25266431,-2,0,0.00000000,-0.00026599,0,4095,4095
2.899843,25276431,-2,0,0.00000000,-0.00026599,0,4095,4095
2.909843,25286431,-2,0,0.00000000,-0.00026599,0,4095,4095
2.919843,25296431,-2,0,0.00000000,-0.00026599,0,4095,4095
2.929843,25306431,-2,0,0.00000000,-0.00026599,0,4095,4095
2.939839,25316427,-2,0,0.00000000,-0.00026599,0,4095,4095
2.949839,25326427,-2,0,0.00000000,-0.00026599,0,4095,4095
2.959839,25336427,-2,0,0.00000000,-0.00026599,0,4095,4095
2.969839,25346427,-2,0,0.00000000,-0.00026599,0,4095,4095
2.979839,25356427,-2,0,0.00000000,-0.00026599,0,4095,4095
2.989839,25366427,-2,0,0.00000000,-0.00026599,0,4095,4095
2.999839,25376427,-2,0,0.00000000,-0.00026599,0,4095,4095
3.009839,25386427,-2,0,0.00000000,-0.00026599,0,4095,4095
3.019839,25396427,-2,0,0.00000000,-0.00026599,0,4095,4095
3.029839,25406427,-2,0,0.00000000,-0.00026599,0,4095,4095
3.039839,25416427,-2,0,0.00000000,-0.00026599,0,4095,4095
3.049839,25426427,-2,0,0.00000000,-0.00026599,0,4095,4095
3.059839,25436427,-2,0,0.00000000,-0.00026599,0,4095,4095
3.069839,25446427,-2,0,0.00000000,-0.00026599,0,4095,4095
3.079839,25456427,-2,0,0.00000000,-0.00026599,0,4095,4095
3.089843,25466431,-2,0,0.00000000,-0.00026599,0,4095,4095
3.099843,25476431,-2,0,0.00000000,-0.00026599,0,4095,4095
3.109839,25486427,-2,0,0.00000000,-0.00026599,0,4095,4095
3.119839,25496427,-2,0,0.00000000,-0.00026599,0,4095,4095
3.129839,25506427,-2,0,0.00000000,-0.00026599,0,4095,4095
3.139843,25516431,-2,0,0.00000000,-0.00026599,0,4095,4095
3.149843,25526431,-2,0,0.00000000,-0.00026599,0,4095,4095
3.159843,25536431,-2,0,0.00000000,-0.00026599,0,4095,4095
3.169843,25546431,-2,0,0.00000000,-0.00026599,0,4095,4095
3.179843,25556431,-2,0,0.00000000,-0.00026599,0,4095,4095
3.189839,25566427,-2,0,0.00000000,-0.00026599,0,4095,4095
3.199839,25576427,-2,0,0.00000000,-0.00026599,0,4095,4095
3.209839,25586427,-2,0,0.00000000,-0.00026599,0,4095,4095
3.219839,25596427,-2,0,0.00000000,-0.00026599,0,4095,4095
3.229839,25606427,-2,0,0.00000000,-0.00026599,0,4095,4095
3.239839,25616427,-2,0,0.00000000,-0.00026599,0,4095,4095
3.249839,25626427,-2,0,0.00000000,-0.00026599,0,4095,4095
3.259839,25636427,-2,0,0.00000000,-0.00026599,0,4095,4095
3.269843,25646431,-2,0,0.00000000,-0.00026599,0,4095,4095
3.279843,25656431,-2,0,0.00000000,-0.00026599,0,4095,4095
3.289843,25666431,-2,0,0.00000000,-0.00026599,0,4095,4095
3.299843,25676431,-2,0,0.00000000,-0.00026599,0,4095,4095
3.309843,25686431,-2,0,0.00000000,-0.00026599,0,4095,4095
3.319843,25696431,-2,0,0.00000000,-0.00026599,0,4095,4095
3.329843,25706431,-2,0,0.00000000,-0.00026599,0,4095,4095
3.339843,25716431,-2,0,0.00000000,-0.00026599,0,4095,4095
3.349843,25726431,-2,0,0.00000000,-0.00026599,0,4095,4095
3.359843,25736431,-2,0,0.00000000,-0.00026599,0,4095,4095
3.369839,25746427,-2,0,0.00000000,-0.00026599,0,4095,4095
3.379839,25756427,-2,0,0.00000000,-0.00026599,0,4095,4095
3.389839,25766427,-2,0,0.00000000,-0.00026599,0,4095,4095
3.399839,25776427,-2,0,0.00000000,-0.00026599,0,4095,4095
3.409839,25786427,-2,0,0.00000000,-0.00026599,0,4095,4095
3.419839,25796427,-2,0,0.00000000,-0.00026599,0,4095,4095
3.429839,25806427,-2,0,0.00000000,-0.00026599,0,4095,4095
3.439839,25816427,-2,0,0.00000000,-0.00026599,0,4095,4095
3.449843,25826431,-2,0,0.00000000,-0.00026599,0,4095,4095
3.459843,25836431,-2,0,0.00000000,-0.00026599,0,4095,4095
3.469843,25846431,-2,0,0.00000000,-0.00026599,0,4095,4095
3.479843,25856431,-2,0,0.00000000,-0.00026599,0,4095,4095
3.489843,25866431,-2,0,0.00000000,-0.00026599,0,4095,4095
3.499839,25876427,-2,0,0.00000000,-0.00026599,0,4095,4095
3.509839,25886427,-2,0,0.00000000,-0.00026599,0,4095,4095
3.519843,25896431,-2,0,0.00000000,-0.00026599,0,4095,4095
3.529843,25906431,-2,0,0.00000000,-0.00026599,0,4095,4095
3.539843,25916431,-2,0,0.00000000,-0.00026599,0,4095,4095
3.549843,25926431,-2,0,0.00000000,-0.00026599,0,4095,4095
3.559843,25936431,-2,0,0.00000000,-0.00026599,0,4095,4095
3.569843,25946431,-2,0,0.00000000,-0.00026599,0,4095,4095
3.579843,25956431,-2,0,0.00000000,-0.00026599,0,4095,4095
3.589839,25966427,-2,0,0.00000000,-0.00026599,0,4095,4095
3.599839,25976427,-2,0,0.00000000,-0.00026599,0,4095,4095
3.609839,25986427,-2,0,0.00000000,-0.00026599,0,4095,4095
3.619839,25996427,-2,0,0.00000000,-0.00026599,0,4095,4095
3.629839,26006427,-2,0,0.00000000,-0.00026599,0,4095,4095
3.639843,26016431,-2,0,0.00000000,-0.00026599,0,4095,4095
3.649843,26026431,-2,0,0.00000000,-0.00026599,0,4095,4095
3.659843,26036431,-2,0,0.00000000,-0.00026599,0,4095,4095
3.669843,26046431,-2,0,0.00000000,-0.00026599,0,4095,4095
3.679839,26056427,-2,0,0.00000000,-0.00026599,0,4095,4095
3.689839,26066427,-2,0,0.00000000,-0.00026599,0,4095,4095
3.699839,26076427,-2,0,0.00000000,-0.00026599,0,4095,4095
3.709839,26086427,-2,0,0.00000000,-0.00026599,0,4095,4095
3.719839,26096427,-2,0,0.00000000,-0.00026599,0,4095,4095
3.729839,26106427,-2,0,0.00000000,-0.00026599,0,4095,4095
3.739839,26116427,-2,0,0.00000000,-0.00026599,0,4095,4095
3.749839,26126427,-2,0,0.00000000,-0.00026599,0,4095,4095
3.759839,26136427,-2,0,0.00000000,-0.00026599,0,4095,4095
3.769839,26146427,-2,0,0.00000000,-0.00026599,0,4095,4095
3.779843,26156431,-2,0,0.00000000,-0.00026599,0,4095,4095
3.789839,26166427,-2,0,0.00000000,-0.00026599,0,4095,4095
3.799839,26176427,-2,0,0.00000000,-0.00026599,0,4095,4095
3.809843,26186431,-2,0,0.00000000,-0.00026599,0,4095,4095
3.819843,26196431,-2,0,0.00000000,-0.00026599,0,4095,4095
3.829839,26206427,-2,0,0.00000000,-0.00026599,0,4095,4095
3.839839,26216427,-2,0,0.00000000,-0.00026599,0,4095,4095
3.849839,26226427,-2,0,0.00000000,-0.00026599,0,4095,4095
3.859839,26236427,-2,0,0.00000000,-0.00026599,0,4095,4095
3.869839,26246427,-2,0,0.00000000,-0.00026599,0,4095,4095
3.879839,26256427,-2,0,0.00000000,-0.00026599,0,4095,4095
3.889843,26266431,-2,0,0.00000000,-0.00026599,0,4095,4095
3.899843,26276431,-2,0,0.00000000,-0.00026599,0,4095,4095
3.909843,26286431,-2,0,0.00000000,-0.00026599,0,4095,4095
3.919843,26296431,-2,0,0.00000000,-0.00026599,0,4095,4095
3.929843,26306431,-2,0,0.00000000,-0.00026599,0,4095,4095
3.939843,26316431,-2,0,0.00000000,-0.00026599,0,4095,4095
3.949839,26326427,-2,0,0.00000000,-0.00026599,0,4095,4095
3.959843,26336431,-2,0,0.00000000,-0.00026599,0,4095,4095
3.969843,26346431,-2,0,0.00000000,-0.00026599,0,4095,4095
3.979843,26356431,-2,0,0.00000000,-0.00026599,0,4095,4095
3.989843,26366431,-2,0,0.00000000,-0.00026599,0,4095,4095
3.999839,26376427,-2,0,0.00000000,-0.00026599,0,4095,4095
4.009843,26386431,-2,0,0.00000000,-0.00026599,0,4095,4095
4.019843,26396431,-2,0,0.00000000,-0.00026599,0,4095,4095
4.029843,26406431,-2,0,0.00000000,-0.00026599,0,4095,4095
4.039843,26416431,-2,0,0.00000000,-0.00026599,0,4095,4095
4.049839,26426427,-2,0,0.00000000,-0.00026599,0,4095,4095
4.059839,26436427,-2,0,0.00000000,-0.00026599,0,4095,4095
4.069839,26446427,-2,0,0.00000000,-0.00026599,0,4095,4095
4.079839,26456427,-2,0,0.00000000,-0.00026599,0,4095,4095
4.089839,26466427,-2,0,0.00000000,-0.00026599,0,4095,4095
4.099843,26476431,-2,0,0.00000000,-0.00026599,0,4095,4095
4.109843,26486431,-2,0,0.00000000,-0.00026599,0,4095,4095
4.119843,26496431,-2,0,0.00000000,-0.00026599,0,4095,4095
4.129843,26506431,-2,0,0.00000000,-0.00026599,0,4095,4095
4.139839,26516427,-2,0,0.00000000,-0.00026599,0,4095,4095
4.149839,26526427,-2,0,0.00000000,-0.00026599,0,4095,4095
4.159839,26536427,-2,0,0.00000000,-0.00026599,0,4095,4095
4.169839,26546427,-2,0,0.00000000,-0.00026599,0,4095,4095
4.179839,26556427,-2,0,0.00000000,-0.00026599,0,4095,4095
4.189839,26566427,-2,0,0.00000000,-0.00026599,0,4095,4095
4.199839,26576427,-2,0,0.00000000,-0.00026599,0,4095,4095
4.209839,26586427,-2,0,0.00000000,-0.00026599,0,4095,4095
4.219839,26596427,-2,0,0.00000000,-0.00026599,0,4095,4095
4.229839,26606427,-2,0,0.00000000,-0.00026599,0,4095,4095
4.239839,26616427,-2,0,0.00000000,-0.00026599,0,4095,4095
4.249839,26626427,-2,0,0.00000000,-0.00026599,0,4095,4095
4.259839,26636427,-2,0,0.00000000,-0.00026599,0,4095,4095
4.269839,26646427,-2,0,0.00000000,-0.00026599,0,4095,4095
4.279839,26656427,-2,0,0.00000000,-0.00026599,0,4095,4095
4.289839,26666427,-2,0,0.00000000,-0.00026599,0,4095,4095
4.299839,26676427,-2,0,0.00000000,-0.00026599,0,4095,4095
4.309839,26686427,-2,0,0.00000000,-0.00026599,0,4095,4095
4.319839,26696427,-2,0,0.00000000,-0.00026599,0,4095,4095
4.329839,26706427,-2,0,0.00000000,-0.00026599,0,4095,4095
4.339839,26716427,-2,0,0.00000000,-0.00026599,0,4095,4095
4.349839,26726427,-2,0,0.00000000,-0.00026599,0,4095,4095
4.359839,26736427,-2,0,0.00000000,-0.00026599,0,4095,4095
4.369839,26746427,-2,0,0.00000000,-0.00026599,0,4095,4095
4.379839,26756427,-2,0,0.00000000,-0.00026599,0,4095,4095
4.389839,26766427,-2,0,0.00000000,-0.00026599,0,4095,4095
4.399839,26776427,-2,0,0.00000000,-0.00026599,0,4095,4095
4.409843,26786431,-2,0,0.00000000,-0.00026599,0,4095,4095
4.419843,26796431,-2,0,0.00000000,-0.00026599,0,4095,4095
4.429839,26806427,-2,0,0.00000000,-0.00026599,0,4095,4095
4.439839,26816427,-2,0,0.00000000,-0.00026599,0,4095,4095
4.449839,26826427,-2,0,0.00000000,-0.00026599,0,4095,4095
4.459843,26836431,-2,0,0.00000000,-0.00026599,0,4095,4095
4.469843,26846431,-2,0,0.00000000,-0.00026599,0,4095,4095
4.479843,26856431,-2,0,0.00000000,-0.00026599,0,4095,4095
4.489843,26866431,-2,0,0.00000000,-0.00026599,0,4095,4095
4.499843,26876431,-2,0,0.00000000,-0.00026599,0,4095,4095
4.509839,26886427,-2,0,0.00000000,-0.00026599,0,4095,4095
4.519843,26896431,-2,0,0.00000000,-0.00026599,0,4095,4095
4.529843,26906431,-2,0,0.00000000,-0.00026599,0,4095,4095
4.539843,26916431,-2,0,0.00000000,-0.00026599,0,4095,4095
4.549839,26926427,-2,0,0.00000000,-0.00026599,0,4095,4095
4.559839,26936427,-2,0,0.00000000,-0.00026599,0,4095,4095
4.569839,26946427,-2,0,0.00000000,-0.00026599,0,4095,4095
4.579839,26956427,-2,0,0.00000000,-0.00026599,0,4095,4095
4.589843,26966431,-2,0,0.00000000,-0.00026599,0,4095,4095
4.599843,26976431,-2,0,0.00000000,-0.00026599,0,4095,4095
4.609843,26986431,-2,0,0.00000000,-0.00026599,0,4095,4095
4.619843,26996431,-2,0,0.00000000,-0.00026599,0,4095,4095
4.629843,27006431,-2,0,0.00000000,-0.00026599,0,4095,4095
4.639843,27016431,-2,0,0.00000000,-0.00026599,0,4095,4095
4.649843,27026431,-2,0,0.00000000,-0.00026599,0,4095,4095
4.659843,27036431,-2,0,0.00000000,-0.00026599,0,4095,4095
4.669843,27046431,-2,0,0.00000000,-0.00026599,0,4095,4095
4.679843,27056431,-2,0,0.00000000,-0.00026599,0,4095,4095
4.689843,27066431,-2,0,0.00000000,-0.00026599,0,4095,4095
4.699839,27076427,-2,0,0.00000000,-0.00026599,0,4095,4095
4.709839,27086427,-2,0,0.00000000,-0.00026599,0,4095,4095
4.719839,27096427,-2,0,0.00000000,-0.00026599,0,4095,4095
4.729839,27106427,-2,0,0.00000000,-0.00026599,0,4095,4095
4.739839,27116427,-2,0,0.00000000,-0.00026599,0,4095,4095
4.749843,27126431,-2,0,0.00000000,-0.00026599,0,4095,4095
4.759839,27136427,-2,0,0.00000000,-0.00026599,0,4095,4095
4.769839,27146427,-2,0,0.00000000,-0.00026599,0,4095,4095
4.779839,27156427,-2,0,0.00000000,-0.00026599,0,4095,4095
4.789839,27166427,-2,0,0.00000000,-0.00026599,0,4095,4095
4.799839,27176427,-2,0,0.00000000,-0.00026599,0,4095,4095
4.809843,27186431,-2,0,0.00000000,-0.00026599,0,4095,4095
4.819843,27196431,-2,0,0.00000000,-0.00026599,0,4095,4095
4.829839,27206427,-2,0,0.00000000,-0.00026599,0,4095,4095
4.839839,27216427,-2,0,0.00000000,-0.00026599,0,4095,4095
4.849839,27226427,-2,0,0.00000000,-0.00026599,0,4095,4095
4.859839,27236427,-2,0,0.00000000,-0.00026599,0,4095,4095
4.869839,27246427,-2,0,0.00000000,-0.00026599,0,4095,4095
4.879839,27256427,-2,0,0.00000000,-0.00026599,0,4095,4095
4.889843,27266431,-2,0,0.00000000,-0.00026599,0,4095,4095
4.899839,27276427,-2,0,0.00000000,-0.00026599,0,4095,4095
4.909843,27286431,-2,0,0.00000000,-0.00026599,0,4095,4095
4.919843,27296431,-2,0,0.00000000,-0.00026599,0,4095,4095
4.929843,27306431,-2,0,0.00000000,-0.00026599,0,4095,4095
4.939839,27316427,-2,0,0.00000000,-0.00026599,0,4095,4095
4.949839,27326427,-2,0,0.00000000,-0.00026599,0,4095,4095
4.959839,27336427,-2,0,0.00000000,-0.00026599,0,4095,4095
4.969839,27346427,-2,0,0.00000000,-0.00026599,0,4095,4095
4.979843,27356431,-2,0,0.00000000,-0.00026599,0,4095,4095
4.989843,27366431,-2,0,0.00000000,-0.00026599,0,4095,4095
4.999843,27376431,-2,0,0.00000000,-0.00026599,0,4095,4095
5.009843,27386431,-2,0,0.00000000,-0.00026599,0,4095,4095
5.019843,27396431,-2,0,0.00000000,-0.00026599,0,4095,4095
5.029839,27406427,-2,0,0.00000000,-0.00026599,0,4095,4095
5.039843,27416431,-2,0,0.00000000,-0.00026599,0,4095,4095
5.049843,27426431,-2,0,0.00000000,-0.00026599,0,4095,4095
5.059843,27436431,-2,0,0.00000000,-0.00026599,0,4095,4095
5.069843,27446431,-2,0,0.00000000,-0.00026599,0,4095,4095
5.079839,27456427,-2,0,0.00000000,-0.00026599,0,4095,4095
5.089839,27466427,-2,0,0.00000000,-0.00026599,0,4095,4095
5.099839,27476427,-2,0,0.00000000,-0.00026599,0,4095,4095
5.109839,27486427,-2,0,0.00000000,-0.00026599,0,4095,4095
5.119843,27496431,-2,0,0.00000000,-0.00026599,0,4095,4095
5.129843,27506431,-2,0,0.00000000,-0.00026599,0,4095,4095
5.139843,27516431,-2,0,0.00000000,-0.00026599,0,4095,4095
5.149843,27526431,-2,0,0.00000000,-0.00026599,0,4095,4095
5.159843,27536431,-2,0,0.00000000,-0.00026599,0,4095,4095
5.169839,27546427,-2,0,0.00000000,-0.00026599,0,4095,4095
5.179839,27556427,-2,0,0.00000000,-0.00026599,0,4095,4095
5.189839,27566427,-2,0,0.00000000,-0.00026599,0,4095,4095
5.199839,27576427,-2,0,0.00000000,-0.00026599,0,4095,4095
5.209843,27586431,-2,0,0.00000000,-0.00026599,0,4095,4095
5.219843,27596431,-2,0,0.00000000,-0.00026599,0,4095,4095
5.229843,27606431,-2,0,0.00000000,-0.00026599,0,4095,4095
5.239843,27616431,-2,0,0.00000000,-0.00026599,0,4095,4095
5.249843,27626431,-2,0,0.00000000,-0.00026599,0,4095,4095
5.259843,27636431,-2,0,0.00000000,-0.00026599,0,4095,4095
5.269843,27646431,-2,0,0.00000000,-0.00026599,0,4095,4095
5.279843,27656431,-2,0,0.00000000,-0.00026599,0,4095,4095
5.289843,27666431,-2,0,0.00000000,-0.00026599,0,4095,4095
5.299843,27676431,-2,0,0.00000000,-0.00026599,0,4095,4095
5.309843,27686431,-2,0,0.00000000,-0.00026599,0,4095,4095
5.319843,27696431,-2,0,0.00000000,-0.00026599,0,4095,4095
5.329843,27706431,-2,0,0.00000000,-0.00026599,0,4095,4095
5.339843,27716431,-2,0,0.00000000,-0.00026599,0,4095,4095
5.349843,27726431,-2,0,0.00000000,-0.00026599,0,4095,4095
5.359843,27736431,-2,0,0.00000000,-0.00026599,0,4095,4095
5.369843,27746431,-2,0,0.00000000,-0.00026599,0,4095,4095
5.379843,27756431,-2,0,0.00000000,-0.00026599,0,4095,4095
5.389843,27766431,-2,0,0.00000000,-0.00026599,0,4095,4095
5.399839,27776427,-2,0,0.00000000,-0.00026599,0,4095,4095
5.409839,27786427,-2,0,0.00000000,-0.00026599,0,4095,4095
5.419839,27796427,-2,0,0.00000000,-0.00026599,0,4095,4095
5.429843,27806431,-2,0,0.00000000,-0.00026599,0,4095,4095
5.439839,27816427,-2,0,0.00000000,-0.00026599,0,4095,4095
5.449839,27826427,-2,0,0.00000000,-0.00026599,0,4095,4095
5.459839,27836427,-2,0,0.00000000,-0.00026599,0,4095,4095
5.469839,27846427,-2,0,0.00000000,-0.00026599,0,4095,4095
5.479839,27856427,-2,0,0.00000000,-0.00026599,0,4095,4095
5.489843,27866431,-2,0,0.00000000,-0.00026599,0,4095,4095
5.499843,27876431,-2,0,0.00000000,-0.00026599,0,4095,4095
5.509843,27886431,-2,0,0.00000000,-0.00026599,0,4095,4095
5.519843,27896431,-2,0,0.00000000,-0.00026599,0,4095,4095
5.529839,27906427,-2,0,0.00000000,-0.00026599,0,4095,4095
5.539843,27916431,-2,0,0.00000000,-0.00026599,0,4095,4095
5.549843,27926431,-2,0,0.00000000,-0.00026599,0,4095,4095
5.559843,27936431,-2,0,0.00000000,-0.00026599,0,4095,4095
5.569843,27946431,-2,0,0.00000000,-0.00026599,0,4095,4095
5.579843,27956431,-2,0,0.00000000,-0.00026599,0,4095,4095
5.589843,27966431,-2,0,0.00000000,-0.00026599,0,4095,4095
5.599843,27976431,-2,0,0.00000000,-0.00026599,0,4095,4095
5.609843,27986431,-2,0,0.00000000,-0.00026599,0,4095,4095
5.619843,27996431,-2,0,0.00000000,-0.00026599,0,4095,4095
5.629843,28006431,-2,0,0.00000000,-0.00026599,0,4095,4095
5.639843,28016431,-2,0,0.00000000,-0.00026599,0,4095,4095
5.649843,28026431,-2,0,0.00000000,-0.00026599,0,4095,4095
5.659843,28036431,-2,0,0.00000000,-0.00026599,0,4095,4095
5.669843,28046431,-2,0,0.00000000,-0.00026599,0,4095,4095
5.679843,28056431,-2,0,0.00000000,-0.00026599,0,4095,4095
5.689839,28066427,-2,0,0.00000000,-0.00026599,0,4095,4095
5.699843,28076431,-2,0,0.00000000,-0.00026599,0,4095,4095
5.709843,28086431,-2,0,0.00000000,-0.00026599,0,4095,4095
5.719839,28096427,-2,0,0.00000000,-0.00026599,0,4095,4095
5.729839,28106427,-2,0,0.00000000,-0.00026599,0,4095,4095
5.739839,28116427,-2,0,0.00000000,-0.00026599,0,4095,4095
5.749839,28126427,-2,0,0.00000000,-0.00026599,0,4095,4095
5.759839,28136427,-2,0,0.00000000,-0.00026599,0,4095,4095
5.769843,28146431,-2,0,0.00000000,-0.00026599,0,4095,4095
5.779843,28156431,-2,0,0.00000000,-0.00026599,0,4095,4095
5.789843,28166431,-2,0,0.00000000,-0.00026599,0,4095,4095
5.799839,28176427,-2,0,0.00000000,-0.00026599,0,4095,4095
5.809839,28186427,-2,0,0.00000000,-0.00026599,0,4095,4095
5.819839,28196427,-2,0,0.00000000,-0.00026599,0,4095,4095
5.829839,28206427,-2,0,0.00000000,-0.00026599,0,4095,4095
5.839839,28216427,-2,0,0.00000000,-0.00026599,0,4095,4095
5.849839,28226427,-2,0,0.00000000,-0.00026599,0,4095,4095
5.859839,28236427,-2,0,0.00000000,-0.00026599,0,4095,4095
5.869839,28246427,-2,0,0.00000000,-0.00026599,0,4095,4095
5.879843,28256431,-2,0,0.00000000,-0.00026599,0,4095,4095
5.889843,28266431,-2,0,0.00000000,-0.00026599,0,4095,4095
5.899843,28276431,-2,0,0.00000000,-0.00026599,0,4095,4095
5.909843,28286431,-2,0,0.00000000,-0.00026599,0,4095,4095
5.919843,28296431,-2,0,0.00000000,-0.00026599,0,4095,4095
5.929843,28306431,-2,0,0.00000000,-0.00026599,0,4095,4095
5.939843,28316431,-2,0,0.00000000,-0.00026599,0,4095,4095
5.949843,28326431,-2,0,0.00000000,-0.00026599,0,4095,4095
5.959843,28336431,-2,0,0.00000000,-0.00026599,0,4095,4095
5.969839,28346427,-2,0,0.00000000,-0.00026599,0,4095,4095
5.979843,28356431,-2,0,0.00000000,-0.00026599,0,4095,4095
5.989843,28366431,-2,0,0.00000000,-0.00026599,0,4095,4095
5.999843,28376431,-2,0,0.00000000,-0.00026599,0,4095,4095
6.009843,28386431,-2,0,0.00000000,-0.00026599,0,4095,4095
6.019843,28396431,-2,0,0.00000000,-0.00026599,0,4095,4095
6.029843,28406431,-2,0,0.00000000,-0.00026599,0,4095,4095
6.039843,28416431,-2,0,0.00000000,-0.00026599,0,4095,4095
6.049843,28426431,-2,0,0.00000000,-0.00026599,0,4095,4095
6.059843,28436431,-2,0,0.00000000,-0.00026599,0,4095,4095
6.069843,28446431,-2,0,0.00000000,-0.00026599,0,4095,4095
6.079843,28456431,-2,0,0.00000000,-0.00026599,0,4095,4095
6.089843,28466431,-2,0,0.00000000,-0.00026599,0,4095,4095
6.099843,28476431,-2,0,0.00000000,-0.00026599,0,4095,4095
6.109843,28486431,-2,0,0.00000000,-0.00026599,0,4095,4095
6.119843,28496431,-2,0,0.00000000,-0.00026599,0,4095,4095
6.129843,28506431,-2,0,0.00000000,-0.00026599,0,4095,4095
6.139843,28516431,-2,0,0.00000000,-0.00026599,0,4095,4095
6.149839,28526427,-2,0,0.00000000,-0.00026599,0,4095,4095
6.159839,28536427,-2,0,0.00000000,-0.00026599,0,4095,4095
6.169839,28546427,-2,0,0.00000000,-0.00026599,0,4095,4095
6.179839,28556427,-2,0,0.00000000,-0.00026599,0,4095,4095
6.189839,28566427,-2,0,0.00000000,-0.00026599,0,4095,4095
6.199839,28576427,-2,0,0.00000000,-0.00026599,0,4095,4095
6.209843,28586431,-2,0,0.00000000,-0.00026599,0,4095,4095
6.219839,28596427,-2,0,0.00000000,-0.00026599,0,4095,4095
6.229839,28606427,-2,0,0.00000000,-0.00026599,0,4095,4095
6.239839,28616427,-2,0,0.00000000,-0.00026599,0,4095,4095
6.249839,28626427,-2,0,0.00000000,-0.00026599,0,4095,4095
6.259839,28636427,-2,0,0.00000000,-0.00026599,0,4095,4095
6.269843,28646431,-2,0,0.00000000,-0.00026599,0,4095,4095
6.279843,28656431,-2,0,0.00000000,-0.00026599,0,4095,4095
6.289843,28666431,-2,0,0.00000000,-0.00026599,0,4095,4095
6.299839,28676427,-2,0,0.00000000,-0.00026599,0,4095,4095
6.309839,28686427,-2,0,0.00000000,-0.00026599,0,4095,4095
6.319839,28696427,-2,0,0.00000000,-0.00026599,0,4095,4095
6.329839,28706427,-2,0,0.00000000,-0.00026599,0,4095,4095
6.339839,28716427,-2,0,0.00000000,-0.00026599,0,4095,4095
6.349839,28726427,-2,0,0.00000000,-0.00026599,0,4095,4095
6.359839,28736427,-2,0,0.00000000,-0.00026599,0,4095,4095
6.369839,28746427,-2,0,0.00000000,-0.00026599,0,4095,4095
6.379839,28756427,-2,0,0.00000000,-0.00026599,0,4095,4095
6.389839,28766427,-2,0,0.00000000,-0.00026599,0,4095,4095
6.399843,28776431,-2,0,0.00000000,-0.00026599,0,4095,4095
6.409843,28786431,-2,0,0.00000000,-0.00026599,0,4095,4095
6.419839,28796427,-2,0,0.00000000,-0.00026599,0,4095,4095
6.429839,28806427,-2,0,0.00000000,-0.00026599,0,4095,4095
6.439839,28816427,-2,0,0.00000000,-0.00026599,0,4095,4095
6.449839,28826427,-2,0,0.00000000,-0.00026599,0,4095,4095
6.459839,28836427,-2,0,0.00000000,-0.00026599,0,4095,4095
6.469843,28846431,-2,0,0.00000000,-0.00026599,0,4095,4095
6.479843,28856431,-2,0,0.00000000,-0.00026599,0,4095,4095
6.489839,28866427,-2,0,0.00000000,-0.00026599,0,4095,4095
6.499843,28876431,-2,0,0.00000000,-0.00026599,0,4095,4095
6.509843,28886431,-2,0,0.00000000,-0.00026599,0,4095,4095
6.519843,28896431,-2,0,0.00000000,-0.00026599,0,4095,4095
6.529843,28906431,-2,0,0.00000000,-0.00026599,0,4095,4095
6.539843,28916431,-2,0,0.00000000,-0.00026599,0,4095,4095
6.549843,28926431,-2,0,0.00000000,-0.00026599,0,4095,4095
6.559843,28936431,-2,0,0.00000000,-0.00026599,0,4095,4095
6.569843,28946431,-2,0,0.00000000,-0.00026599,0,4095,4095
6.579843,28956431,-2,0,0.00000000,-0.00026599,0,4095,4095
6.589843,28966431,-2,0,0.00000000,-0.00026599,0,4095,4095
6.599839,28976427,-2,0,0.00000000,-0.00026599,0,4095,4095
6.609839,28986427,-2,0,0.00000000,-0.00026599,0,4095,4095
6.619843,28996431,-2,0,0.00000000,-0.00026599,0,4095,4095
6.629843,29006431,-2,0,0.00000000,-0.00026599,0,4095,4095
6.639843,29016431,-2,0,0.00000000,-0.00026599,0,4095,4095
6.649843,29026431,-2,0,0.00000000,-0.00026599,0,4095,4095
6.659843,29036431,-2,0,0.00000000,-0.00026599,0,4095,4095
6.669843,29046431,-2,0,0.00000000,-0.00026599,0,4095,4095
6.679843,29056431,-2,0,0.00000000,-0.00026599,0,4095,4095
6.689843,29066431,-2,0,0.00000000,-0.00026599,0,4095,4095
6.699843,29076431,-2,0,0.00000000,-0.00026599,0,4095,4095
6.709843,29086431,-2,0,0.00000000,-0.00026599,0,4095,4095
6.719839,29096427,-2,0,0.00000000,-0.00026599,0,4095,4095
6.729839,29106427,-2,0,0.00000000,-0.00026599,0,4095,4095
6.739839,29116427,-2,0,0.00000000,-0.00026599,0,4095,4095
6.749839,29126427,-2,0,0.00000000,-0.00026599,0,4095,4095
6.759839,29136427,-2,0,0.00000000,-0.00026599,0,4095,4095
6.769843,29146431,-2,0,0.00000000,-0.00026599,0,4095,4095
6.779843,29156431,-2,0,0.00000000,-0.00026599,0,4095,4095
6.789843,29166431,-2,0,0.00000000,-0.00026599,0,4095,4095
6.799843,29176431,-2,0,0.00000000,-0.00026599,0,4095,4095
6.809843,29186431,-2,0,0.00000000,-0.00026599,0,4095,4095
6.819843,29196431,-2,0,0.00000000,-0.00026599,0,4095,4095
6.829843,29206431,-2,0,0.00000000,-0.00026599,0,4095,4095
6.839843,29216431,-2,0,0.00000000,-0.00026599,0,4095,4095
6.849843,29226431,-2,0,0.00000000,-0.00026599,0,4095,4095
6.859839,29236427,-2,0,0.00000000,-0.00026599,0,4095,4095
6.869839,29246427,-2,0,0.00000000,-0.00026599,0,4095,4095
6.879839,29256427,-2,0,0.00000000,-0.00026599,0,4095,4095
6.889839,29266427,-2,0,0.00000000,-0.00026599,0,4095,4095
6.899839,29276427,-2,0,0.00000000,-0.00026599,0,4095,4095
6.909839,29286427,-2,0,0.00000000,-0.00026599,0,4095,4095
6.919839,29296427,-2,0,0.00000000,-0.00026599,0,4095,4095
6.929839,29306427,-2,0,0.00000000,-0.00026599,0,4095,4095
6.939839,29316427,-2,0,0.00000000,-0.00026599,0,4095,4095
6.949839,29326427,-2,0,0.00000000,-0.00026599,0,4095,4095
6.959839,29336427,-2,0,0.00000000,-0.00026599,0,4095,4095
6.969839,29346427,-2,0,0.00000000,-0.00026599,0,4095,4095
6.979839,29356427,-2,0,0.00000000,-0.00026599,0,4095,4095
6.989843,29366431,-2,0,0.00000000,-0.00026599,0,4095,4095
6.999843,29376431,-2,0,0.00000000,-0.00026599,0,4095,4095
7.009839,29386427,-2,0,0.00000000,-0.00026599,0,4095,4095
7.019839,29396427,-2,0,0.00000000,-0.00026599,0,4095,4095
7.029843,29406431,-2,0,0.00000000,-0.00026599,0,4095,4095
7.039843,29416431,-2,0,0.00000000,-0.00026599,0,4095,4095
7.049843,29426431,-2,0,0.00000000,-0.00026599,0,4095,4095
7.059843,29436431,-2,0,0.00000000,-0.00026599,0,4095,4095
7.069839,29446427,-2,0,0.00000000,-0.00026599,0,4095,4095
7.079839,29456427,-2,0,0.00000000,-0.00026599,0,4095,4095
7.089839,29466427,-2,0,0.00000000,-0.00026599,0,4095,4095
7.099839,29476427,-2,0,0.00000000,-0.00026599,0,4095,4095
7.109839,29486427,-2,0,0.00000000,-0.00026599,0,4095,4095
7.119839,29496427,-2,0,0.00000000,-0.00026599,0,4095,4095
7.129839,29506427,-2,0,0.00000000,-0.00026599,0,4095,4095
7.139839,29516427,-2,0,0.00000000,-0.00026599,0,4095,4095
7.149839,29526427,-2,0,0.00000000,-0.00026599,0,4095,4095
7.159839,29536427,-2,0,0.00000000,-0.00026599,0,4095,4095
7.169839,29546427,-2,0,0.00000000,-0.00026599,0,4095,4095
7.179843,29556431,-2,0,0.00000000,-0.00026599,0,4095,4095
7.189839,29566427,-2,0,0.00000000,-0.00026599,0,4095,4095
7.199839,29576427,-2,0,0.00000000,-0.00026599,0,4095,4095
7.209839,29586427,-2,0,0.00000000,-0.00026599,0,4095,4095
7.219839,29596427,-2,0,0.00000000,-0.00026599,0,4095,4095
7.229839,29606427,-2,0,0.00000000,-0.00026599,0,4095,4095
7.239839,29616427,-2,0,0.00000000,-0.00026599,0,4095,4095
7.249839,29626427,-2,0,0.00000000,-0.00026599,0,4095,4095
7.259839,29636427,-2,0,0.00000000,-0.00026599,0,4095,4095
7.269839,29646427,-2,0,0.00000000,-0.00026599,0,4095,4095
7.279839,29656427,-2,0,0.00000000,-0.00026599,0,4095,4095
7.289839,29666427,-2,0,0.00000000,-0.00026599,0,4095,4095
7.299839,29676427,-2,0,0.00000000,-0.00026599,0,4095,4095
7.309839,29686427,-2,0,0.00000000,-0.00026599,0,4095,4095
7.319839,29696427,-2,0,0.00000000,-0.00026599,0,4095,4095
7.329839,29706427,-2,0,0.00000000,-0.00026599,0,4095,4095
7.339839,29716427,-2,0,0.00000000,-0.00026599,0,4095,4095
7.349839,29726427,-2,0,0.00000000,-0.00026599,0,4095,4095
7.359839,29736427,-2,0,0.00000000,-0.00026599,0,4095,4095
7.369839,29746427,-2,0,0.00000000,-0.00026599,0,4095,4095
7.379843,29756431,-2,0,0.00000000,-0.00026599,0,4095,4095
7.389843,29766431,-2,0,0.00000000,-0.00026599,0,4095,4095
7.399843,29776431,-2,0,0.00000000,-0.00026599,0,4095,4095
7.409843,29786431,-2,0,0.00000000,-0.00026599,0,4095,4095
7.419843,29796431,-2,0,0.00000000,-0.00026599,0,4095,4095
7.429843,29806431,-2,0,0.00000000,-0.00026599,0,4095,4095
7.439839,29816427,-2,0,0.00000000,-0.00026599,0,4095,4095
7.449839,29826427,-2,0,0.00000000,-0.00026599,0,4095,4095
7.459843,29836431,-2,0,0.00000000,-0.00026599,0,4095,4095
7.469843,29846431,-2,0,0.00000000,-0.00026599,0,4095,4095
7.479843,29856431,-2,0,0.00000000,-0.00026599,0,4095,4095
7.489843,29866431,-2,0,0.00000000,-0.00026599,0,4095,4095
7.499839,29876427,-2,0,0.00000000,-0.00026599,0,4095,4095
7.509843,29886431,-2,0,0.00000000,-0.00026599,0,4095,4095
7.519843,29896431,-2,0,0.00000000,-0.00026599,0,4095,4095
7.529843,29906431,-2,0,0.00000000,-0.00026599,0,4095,4095
7.539843,29916431,-2,0,0.00000000,-0.00026599,0,4095,4095
7.549843,29926431,-2,0,0.00000000,-0.00026599,0,4095,4095
7.559843,29936431,-2,0,0.00000000,-0.00026599,0,4095,4095
7.569843,29946431,-2,0,0.00000000,-0.00026599,0,4095,4095
7.579843,29956431,-2,0,0.00000000,-0.00026599,0,4095,4095
7.589843,29966431,-2,0,0.00000000,-0.00026599,0,4095,4095
7.599843,29976431,-2,0,0.00000000,-0.00026599,0,4095,4095
7.609843,29986431,-2,0,0.00000000,-0.00026599,0,4095,4095
7.619843,29996431,-2,0,0.00000000,-0.00026599,0,4095,4095
7.629843,30006431,-2,0,0.00000000,-0.00026599,0,4095,4095
7.639843,30016431,-2,0,0.00000000,-0.00026599,0,4095,4095
7.649843,30026431,-2,0,0.00000000,-0.00026599,0,4095,4095
7.659839,30036427,-2,0,0.00000000,-0.00026599,0,4095,4095
7.669843,30046431,-2,0,0.00000000,-0.00026599,0,4095,4095
7.679843,30056431,-2,0,0.00000000,-0.00026599,0,4095,4095
7.689843,30066431,-2,0,0.00000000,-0.00026599,0,4095,4095
7.699843,30076431,-2,0,0.00000000,-0.00026599,0,4095,4095
7.709843,30086431,-2,0,0.00000000,-0.00026599,0,4095,4095
7.719843,30096431,-2,0,0.00000000,-0.00026599,0,4095,4095
7.729843,30106431,-2,0,0.00000000,-0.00026599,0,4095,4095
7.739843,30116431,-2,0,0.00000000,-0.00026599,0,4095,4095
7.749843,30126431,-2,0,0.00000000,-0.00026599,0,4095,4095
7.759839,30136427,-2,0,0.00000000,-0.00026599,0,4095,4095
7.769839,30146427,-2,0,0.00000000,-0.00026599,0,4095,4095
7.779843,30156431,-2,0,0.00000000,-0.00026599,0,4095,4095
7.789843,30166431,-2,0,0.00000000,-0.00026599,0,4095,4095
7.799843,30176431,-2,0,0.00000000,-0.00026599,0,4095,4095
7.809843,30186431,-2,0,0.00000000,-0.00026599,0,4095,4095
7.819843,30196431,-2,0,0.00000000,-0.00026599,0,4095,4095
7.829843,30206431,-2,0,0.00000000,-0.00026599,0,4095,4095
7.839843,30216431,-2,0,0.00000000,-0.00026599,0,4095,4095
7.849839,30226427,-2,0,0.00000000,-0.00026599,0,4095,4095
7.859839,30236427,-2,0,0.00000000,-0.00026599,0,4095,4095
7.869839,30246427,-2,0,0.00000000,-0.00026599,0,4095,4095
7.879839,30256427,-2,0,0.00000000,-0.00026599,0,4095,4095
7.889839,30266427,-2,0,0.00000000,-0.00026599,0,4095,4095
7.899839,30276427,-2,0,0.00000000,-0.00026599,0,4095,4095
7.909839,30286427,-2,0,0.00000000,-0.00026599,0,4095,4095
7.919839,30296427,-2,0,0.00000000,-0.00026599,0,4095,4095
7.929839,30306427,-2,0,0.00000000,-0.00026599,0,4095,4095
7.939839,30316427,-2,0,0.00000000,-0.00026599,0,4095,4095
7.949839,30326427,-2,0,0.00000000,-0.00026599,0,4095,4095
7.959839,30336427,-2,0,0.00000000,-0.00026599,0,4095,4095
7.969839,30346427,-2,0,0.00000000,-0.00026599,0,4095,4095
7.979839,30356427,-2,0,0.00000000,-0.00026599,0,4095,4095
7.989839,30366427,-2,0,0.00000000,-0.00026599,0,4095,4095
7.999839,30376427,-2,0,0.00000000,-0.00026599,0,4095,4095
8.009843,30386431,-2,0,0.00000000,-0.00026599,0,4095,4095
8.019843,30396431,-2,0,0.00000000,-0.00026599,0,4095,4095
8.029843,30406431,-2,0,0.00000000,-0.00026599,0,4095,4095
8.039843,30416431,-2,0,0.00000000,-0.00026599,0,4095,4095
8.049839,30426427,-2,0,0.00000000,-0.00026599,0,4095,4095
8.059839,30436427,-2,0,0.00000000,-0.00026599,0,4095,4095
8.069839,30446427,-2,0,0.00000000,-0.00026599,0,4095,4095
8.079839,30456427,-2,0,0.00000000,-0.00026599,0,4095,4095
8.089839,30466427,-2,0,0.00000000,-0.00026599,0,4095,4095
8.099843,30476431,-2,0,0.00000000,-0.00026599,0,4095,4095
8.109843,30486431,-2,0,0.00000000,-0.00026599,0,4095,4095
8.119843,30496431,-2,0,0.00000000,-0.00026599,0,4095,4095
8.129843,30506431,-2,0,0.00000000,-0.00026599,0,4095,4095
8.139839,30516427,-2,0,0.00000000,-0.00026599,0,4095,4095
8.149839,30526427,-2,0,0.00000000,-0.00026599,0,4095,4095
8.159839,30536427,-2,0,0.00000000,-0.00026599,0,4095,4095
8.169843,30546431,-2,0,0.00000000,-0.00026599,0,4095,4095
8.179839,30556427,-2,0,0.00000000,-0.00026599,0,4095,4095
8.189839,30566427,-2,0,0.00000000,-0.00026599,0,4095,4095
8.199839,30576427,-2,0,0.00000000,-0.00026599,0,4095,4095
8.209843,30586431,-2,0,0.00000000,-0.00026599,0,4095,4095
8.219839,30596427,-2,0,0.00000000,-0.00026599,0,4095,4095
8.229839,30606427,-2,0,0.00000000,-0.00026599,0,4095,4095
8.239839,30616427,-2,0,0.00000000,-0.00026599,0,4095,4095
8.249839,30626427,-2,0,0.00000000,-0.00026599,0,4095,4095
8.259839,30636427,-2,0,0.00000000,-0.00026599,0,4095,4095
8.269839,30646427,-2,0,0.00000000,-0.00026599,0,4095,4095
8.279839,30656427,-2,0,0.00000000,-0.00026599,0,4095,4095
8.289839,30666427,-2,0,0.00000000,-0.00026599,0,4095,4095
8.299843,30676431,-2,0,0.00000000,-0.00026599,0,4095,4095
8.309843,30686431,-2,0,0.00000000,-0.00026599,0,4095,4095
8.319843,30696431,-2,0,0.00000000,-0.00026599,0,4095,4095
8.329843,30706431,-2,0,0.00000000,-0.00026599,0,4095,4095
8.339843,30716431,-2,0,0.00000000,-0.00026599,0,4095,4095
8.349843,30726431,-2,0,0.00000000,-0.00026599,0,4095,4095
8.359843,30736431,-2,0,0.00000000,-0.00026599,0,4095,4095
8.369843,30746431,-2,0,0.00000000,-0.00026599,0,4095,4095
8.379839,30756427,-2,0,0.00000000,-0.00026599,0,4095,4095
8.389839,30766427,-2,0,0.00000000,-0.00026599,0,4095,4095
8.399839,30776427,-2,0,0.00000000,-0.00026599,0,4095,4095
8.409839,30786427,-2,0,0.00000000,-0.00026599,0,4095,4095
8.419839,30796427,-2,0,0.00000000,-0.00026599,0,4095,4095
8.429839,30806427,-2,0,0.00000000,-0.00026599,0,4095,4095
8.439839,30816427,-2,0,0.00000000,-0.00026599,0,4095,4095
8.449839,30826427,-2,0,0.00000000,-0.00026599,0,4095,4095
8.459839,30836427,-2,0,0.00000000,-0.00026599,0,4095,4095
8.469839,30846427,-2,0,0.00000000,-0.00026599,0,4095,4095
8.479843,30856431,-2,0,0.00000000,-0.00026599,0,4095,4095
8.489843,30866431,-2,0,0.00000000,-0.00026599,0,4095,4095
8.499843,30876431,-2,0,0.00000000,-0.00026599,0,4095,4095
8.509839,30886427,-2,0,0.00000000,-0.00026599,0,4095,4095
8.519839,30896427,-2,0,0.00000000,-0.00026599,0,4095,4095
8.529843,30906431,-2,0,0.00000000,-0.00026599,0,4095,4095
8.539843,30916431,-2,0,0.00000000,-0.00026599,0,4095,4095
8.549843,30926431,-2,0,0.00000000,-0.00026599,0,4095,4095
8.559839,30936427,-2,0,0.00000000,-0.00026599,0,4095,4095
8.569839,30946427,-2,0,0.00000000,-0.00026599,0,4095,4095
8.579839,30956427,-2,0,0.00000000,-0.00026599,0,4095,4095
8.589839,30966427,-2,0,0.00000000,-0.00026599,0,4095,4095
8.599839,30976427,-2,0,0.00000000,-0.00026599,0,4095,4095
8.609839,30986427,-2,0,0.00000000,-0.00026599,0,4095,4095
8.619839,30996427,-2,0,0.00000000,-0.00026599,0,4095,4095
8.629839,31006427,-2,0,0.00000000,-0.00026599,0,4095,4095
8.639843,31016431,-2,0,0.00000000,-0.00026599,0,4095,4095
8.649843,31026431,-2,0,0.00000000,-0.00026599,0,4095,4095
8.659839,31036427,-2,0,0.00000000,-0.00026599,0,4095,4095
8.669839,31046427,-2,0,0.00000000,-0.00026599,0,4095,4095
8.679839,31056427,-2,0,0.00000000,-0.00026599,0,4095,4095
8.689843,31066431,-2,0,0.00000000,-0.00026599,0,4095,4095
8.699843,31076431,-2,0,0.00000000,-0.00026599,0,4095,4095
8.709843,31086431,-2,0,0.00000000,-0.00026599,0,4095,4095
8.719839,31096427,-2,0,0.00000000,-0.00026599,0,4095,4095
8.729843,31106431,-2,0,0.00000000,-0.00026599,0,4095,4095
8.739843,31116431,-2,0,0.00000000,-0.00026599,0,4095,4095
8.749839,31126427,-2,0,0.00000000,-0.00026599,0,4095,4095
8.759839,31136427,-2,0,0.00000000,-0.00026599,0,4095,4095
8.769839,31146427,-2,0,0.00000000,-0.00026599,0,4095,4095
8.779839,31156427,-2,0,0.00000000,-0.00026599,0,4095,4095
8.789839,31166427,-2,0,0.00000000,-0.00026599,0,4095,4095
8.799839,31176427,-2,0,0.00000000,-0.00026599,0,4095,4095
8.809839,31186427,-2,0,0.00000000,-0.00026599,0,4095,4095
8.819839,31196427,-2,0,0.00000000,-0.00026599,0,4095,4095
8.829839,31206427,-2,0,0.00000000,-0.00026599,0,4095,4095
8.839839,31216427,-2,0,0.00000000,-0.00026599,0,4095,4095
8.849839,31226427,-2,0,0.00000000,-0.00026599,0,4095,4095
8.859839,31236427,-2,0,0.00000000,-0.00026599,0,4095,4095
8.869839,31246427,-2,0,0.00000000,-0.00026599,0,4095,4095
8.879843,31256431,-2,0,0.00000000,-0.00026599,0,4095,4095
8.889843,31266431,-2,0,0.00000000,-0.00026599,0,4095,4095
8.899843,31276431,-2,0,0.00000000,-0.00026599,0,4095,4095
8.909839,31286427,-2,0,0.00000000,-0.00026599,0,4095,4095
8.919839,31296427,-2,0,0.00000000,-0.00026599,0,4095,4095
8.929839,31306427,-2,0,0.00000000,-0.00026599,0,4095,4095
8.939839,31316427,-2,0,0.00000000,-0.00026599,0,4095,4095
8.949843,31326431,-2,0,0.00000000,-0.00026599,0,4095,4095
8.959843,31336431,-2,0,0.00000000,-0.00026599,0,4095,4095
8.969843,31346431,-2,0,0.00000000,-0.00026599,0,4095,4095
8.979839,31356427,-2,0,0.00000000,-0.00026599,0,4095,4095
8.989839,31366427,-2,0,0.00000000,-0.00026599,0,4095,4095
8.999839,31376427,-2,0,0.00000000,-0.00026599,0,4095,4095
9.009839,31386427,-2,0,0.00000000,-0.00026599,0,4095,4095
9.019843,31396431,-2,0,0.00000000,-0.00026599,0,4095,4095
9.029843,31406431,-2,0,0.00000000,-0.00026599,0,4095,4095
9.039843,31416431,-2,0,0.00000000,-0.00026599,0,4095,4095
9.049843,31426431,-2,0,0.00000000,-0.00026599,0,4095,4095
9.059843,31436431,-2,0,0.00000000,-0.00026599,0,4095,4095
9.069843,31446431,-2,0,0.00000000,-0.00026599,0,4095,4095
9.079843,31456431,-2,0,0.00000000,-0.00026599,0,4095,4095
9.089843,31466431,-2,0,0.00000000,-0.00026599,0,4095,4095
9.099843,31476431,-2,0,0.00000000,-0.00026599,0,4095,4095
9.109843,31486431,-2,0,0.00000000,-0.00026599,0,4095,4095
9.119843,31496431,-2,0,0.00000000,-0.00026599,0,4095,4095
9.129839,31506427,-2,0,0.00000000,-0.00026599,0,4095,4095
9.139843,31516431,-2,0,0.00000000,-0.00026599,0,4095,4095
9.149843,31526431,-2,0,0.00000000,-0.00026599,0,4095,4095
9.159839,31536427,-2,0,0.00000000,-0.00026599,0,4095,4095
9.169839,31546427,-2,0,0.00000000,-0.00026599,0,4095,4095
9.179839,31556427,-2,0,0.00000000,-0.00026599,0,4095,4095
9.189839,31566427,-2,0,0.00000000,-0.00026599,0,4095,4095
9.199843,31576431,-2,0,0.00000000,-0.00026599,0,4095,4095
9.209843,31586431,-2,0,0.00000000,-0.00026599,0,4095,4095
9.219839,31596427,-2,0,0.00000000,-0.00026599,0,4095,4095
9.229839,31606427,-2,0,0.00000000,-0.00026599,0,4095,4095
9.239843,31616431,-2,0,0.00000000,-0.00026599,0,4095,4095
9.249843,31626431,-2,0,0.00000000,-0.00026599,0,4095,4095
9.259843,31636431,-2,0,0.00000000,-0.00026599,0,4095,4095
9.269843,31646431,-2,0,0.00000000,-0.00026599,0,4095,4095
9.279839,31656427,-2,0,0.00000000,-0.00026599,0,4095,4095
9.289839,31666427,-2,0,0.00000000,-0.00026599,0,4095,4095
9.299839,31676427,-2,0,0.00000000,-0.00026599,0,4095,4095
9.309839,31686427,-2,0,0.00000000,-0.00026599,0,4095,4095
9.319843,31696431,-2,0,0.00000000,-0.00026599,0,4095,4095
9.329843,31706431,-2,0,0.00000000,-0.00026599,0,4095,4095
9.339843,31716431,-2,0,0.00000000,-0.00026599,0,4095,4095
9.349839,31726427,-2,0,0.00000000,-0.00026599,0,4095,4095
9.359839,31736427,-2,0,0.00000000,-0.00026599,0,4095,4095
9.369839,31746427,-2,0,0.00000000,-0.00026599,0,4095,4095
9.379839,31756427,-2,0,0.00000000,-0.00026599,0,4095,4095
9.389839,31766427,-2,0,0.00000000,-0.00026599,0,4095,4095
9.399839,31776427,-2,0,0.00000000,-0.00026599,0,4095,4095
9.409843,31786431,-2,0,0.00000000,-0.00026599,0,4095,4095
9.419843,31796431,-2,0,0.00000000,-0.00026599,0,4095,4095
9.429843,31806431,-2,0,0.00000000,-0.00026599,0,4095,4095
9.439843,31816431,-2,0,0.00000000,-0.00026599,0,4095,4095
9.449839,31826427,-2,0,0.00000000,-0.00026599,0,4095,4095
9.459839,31836427,-2,0,0.00000000,-0.00026599,0,4095,4095
9.469839,31846427,-2,0,0.00000000,-0.00026599,0,4095,4095
9.479839,31856427,-2,0,0.00000000,-0.00026599,0,4095,4095
9.489839,31866427,-2,0,0.00000000,-0.00026599,0,4095,4095
9.499839,31876427,-2,0,0.00000000,-0.00026599,0,4095,4095
9.509839,31886427,-2,0,0.00000000,-0.00026599,0,4095,4095
9.519839,31896427,-2,0,0.00000000,-0.00026599,0,4095,4095
9.529839,31906427,-2,0,0.00000000,-0.00026599,0,4095,4095
9.539839,31916427,-2,0,0.00000000,-0.00026599,0,4095,4095
9.549839,31926427,-2,0,0.00000000,-0.00026599,0,4095,4095
9.559839,31936427,-2,0,0.00000000,-0.00026599,0,4095,4095
9.569839,31946427,-2,0,0.00000000,-0.00026599,0,4095,4095
9.579839,31956427,-2,0,0.00000000,-0.00026599,0,4095,4095
9.589839,31966427,-2,0,0.00000000,-0.00026599,0,4095,4095
9.599843,31976431,-2,0,0.00000000,-0.00026599,0,4095,4095
9.609843,31986431,-2,0,0.00000000,-0.00026599,0,4095,4095
9.619843,31996431,-2,0,0.00000000,-0.00026599,0,4095,4095
9.629843,32006431,-2,0,0.00000000,-0.00026599,0,4095,4095
9.639843,32016431,-2,0,0.00000000,-0.00026599,0,4095,4095
9.649843,32026431,-2,0,0.00000000,-0.00026599,0,4095,4095
9.659839,32036427,-2,0,0.00000000,-0.00026599,0,4095,4095
9.669839,32046427,-2,0,0.00000000,-0.00026599,0,4095,4095
9.679839,32056427,-2,0,0.00000000,-0.00026599,0,4095,4095
9.689843,32066431,-2,0,0.00000000,-0.00026599,0,4095,4095
9.699843,32076431,-2,0,0.00000000,-0.00026599,0,4095,4095
9.709843,32086431,-2,0,0.00000000,-0.00026599,0,4095,4095
9.719843,32096431,-2,0,0.00000000,-0.00026599,0,4095,4095
9.729843,32106431,-2,0,0.00000000,-0.00026599,0,4095,4095
9.739843,32116431,-2,0,0.00000000,-0.00026599,0,4095,4095
9.749843,32126431,-2,0,0.00000000,-0.00026599,0,4095,4095
9.759843,32136431,-2,0,0.00000000,-0.00026599,0,4095,4095
9.769843,32146431,-2,0,0.00000000,-0.00026599,0,4095,4095
9.779843,32156431,-2,0,0.00000000,-0.00026599,0,4095,4095
9.789843,32166431,-2,0,0.00000000,-0.00026599,0,4095,4095
9.799843,32176431,-2,0,0.00000000,-0.00026599,0,4095,4095
9.809843,32186431,-2,0,0.00000000,-0.00026599,0,4095,4095
9.819843,32196431,-2,0,0.00000000,-0.00026599,0,4095,4095
9.829843,32206431,-2,0,0.00000000,-0.00026599,0,4095,4095
9.839843,32216431,-2,0,0.00000000,-0.00026599,0,4095,4095
9.849843,32226431,-2,0,0.00000000,-0.00026599,0,4095,4095
9.859843,32236431,-2,0,0.00000000,-0.00026599,0,4095,4095
9.869843,32246431,-2,0,0.00000000,-0.00026599,0,4095,4095
9.879843,32256431,-2,0,0.00000000,-0.00026599,0,4095,4095
9.889843,32266431,-2,0,0.00000000,-0.00026599,0,4095,4095
9.899843,32276431,-2,0,0.00000000,-0.00026599,0,4095,4095
9.909843,32286431,-2,0,0.00000000,-0.00026599,0,4095,4095
9.919843,32296431,-2,0,0.00000000,-0.00026599,0,4095,4095
9.929843,32306431,-2,0,0.00000000,-0.00026599,0,4095,4095
9.939843,32316431,-2,0,0.00000000,-0.00026599,0,4095,4095
9.949843,32326431,-2,0,0.00000000,-0.00026599,0,4095,4095
9.959843,32336431,-2,0,0.00000000,-0.00026599,0,4095,4095
9.969843,32346431,-2,0,0.00000000,-0.00026599,0,4095,4095
9.979843,32356431,-2,0,0.00000000,-0.00026599,0,4095,4095
9.989843,32366431,-2,0,0.00000000,-0.00026599,0,4095,4095
