index,time_ms,time_s,position_m,velocity_mps,accel_mps2,current_A,error_A,cmd_duty_pct,cmd_pwm,dir_sign
0,0,0.0000,0.000000,0.00000,0.0000,-2.4115,3.4115,0.00,0,0
1,2,0.0020,0.000000,0.00000,0.0000,-2.6252,3.6252,0.00,0,0
2,10,0.0100,0.000000,0.00000,0.0000,-2.4145,3.4145,0.00,0,0
3,20,0.0200,0.000000,0.00000,0.0000,-2.4634,3.4634,0.00,0,0
4,30,0.0300,0.000000,0.00000,0.0000,-2.4023,3.4023,0.00,0,0
5,40,0.0400,0.000000,0.00000,0.0000,-2.5855,3.5855,0.00,0,0
6,50,0.0500,0.000000,0.00000,0.0000,-2.6801,3.6801,0.00,0,0
7,60,0.0600,0.000000,0.00000,0.0000,-2.5672,3.5672,0.00,0,0
8,70,0.0700,0.000000,0.00000,0.0000,-2.4817,3.4817,0.00,0,0
9,80,0.0800,0.000000,0.00000,0.0000,-2.6099,3.6099,0.00,0,0
10,90,0.0900,0.000000,0.00000,0.0000,-2.4725,3.4725,0.00,0,0
11,100,0.1000,0.000000,0.00000,0.0000,-2.5702,3.5702,0.00,0,0
12,110,0.1100,0.000000,0.00000,0.0000,-2.7228,3.7228,0.00,0,0
13,120,0.1200,0.000000,0.00000,0.0000,-2.4237,3.4237,0.00,0,0
14,130,0.1300,0.000000,0.00000,0.0000,-2.4695,3.4695,0.00,0,0
15,140,0.1400,0.000000,0.00000,0.0000,-2.5397,3.5397,0.00,0,0
16,150,0.1500,0.000000,0.00000,0.0000,-2.7320,3.7320,0.00,0,0
17,160,0.1600,0.000000,0.00000,0.0000,-2.5275,3.5275,0.00,0,0
18,170,0.1700,0.000000,0.00000,0.0000,-2.4908,3.4908,0.00,0,0
19,180,0.1800,0.000000,0.00000,0.0000,-2.6831,3.6831,0.00,0,0
20,190,0.1900,0.000000,0.00000,0.0000,-2.6648,3.6648,0.00,0,0
21,200,0.2000,0.000000,0.00000,0.0000,-2.6038,3.6038,0.00,0,0
22,210,0.2100,0.000000,0.00000,0.0000,-2.6282,3.6282,0.00,0,0
23,220,0.2200,0.000000,0.00000,0.0000,-2.7167,3.7167,0.00,0,0
24,230,0.2300,0.000000,0.00000,0.0000,-2.6435,3.6435,0.00,0,0
25,240,0.2400,0.000000,0.00000,0.0000,-2.5244,3.5244,0.00,0,0
26,250,0.2500,0.000000,0.00000,0.0000,-2.5244,3.5244,0.00,0,0
27,260,0.2600,0.000000,0.00000,0.0000,-2.5153,3.5153,0.00,0,0
28,270,0.2700,0.000000,0.00000,0.0000,-2.6374,3.6374,0.00,0,0
29,280,0.2800,0.000000,0.00000,0.0000,-2.6099,3.6099,0.00,0,0
30,290,0.2900,0.000000,0.00000,0.0000,-2.5946,3.5946,0.00,0,0
31,300,0.3000,0.000000,0.00000,0.0000,-2.4512,3.4512,0.00,0,0
32,310,0.3100,0.000000,0.00000,0.0000,-2.5610,3.5610,0.00,0,0
33,320,0.3200,0.000000,0.00000,0.0000,-2.6190,3.6190,0.00,0,0
34,330,0.3300,0.000000,0.00000,0.0000,-2.5122,3.5122,0.00,0,0
35,340,0.3400,0.000000,0.00000,0.0000,-2.4847,3.4847,0.00,0,0
36,350,0.3500,0.000000,0.00000,0.0000,-2.6435,3.6435,0.00,0,0
37,360,0.3600,0.000000,0.00000,0.0000,-2.4451,3.4451,0.00,0,0
38,370,0.3700,0.000000,0.00000,0.0000,-2.5092,3.5092,0.00,0,0
39,380,0.3800,0.000000,0.00000,0.0000,-2.5580,3.5580,0.00,0,0
40,390,0.3900,0.000000,0.00000,0.0000,-2.5458,3.5458,0.00,0,0
41,400,0.4000,0.000000,0.00000,0.0000,-2.5794,3.5794,0.00,0,0
42,410,0.4100,0.000000,0.00000,0.0000,-2.4634,3.4634,0.00,0,0
43,420,0.4200,0.000000,0.00000,0.0000,-2.4695,3.4695,0.00,0,0
44,430,0.4300,0.000000,0.00000,0.0000,-2.7137,3.7137,0.00,0,0
45,440,0.4400,0.000000,0.00000,0.0000,-2.4512,3.4512,0.00,0,0
46,450,0.4500,0.000000,0.00000,0.0000,-2.5397,3.5397,0.00,0,0
47,460,0.4600,0.000000,0.00000,0.0000,-2.5336,3.5336,0.00,0,0
48,470,0.4700,0.000000,0.00000,0.0000,-2.4451,3.4451,0.00,0,0
49,480,0.4800,0.000000,0.00000,0.0000,-2.5092,3.5092,0.00,0,0
50,490,0.4900,0.000000,0.00000,0.0000,-2.5610,3.5610,0.00,0,0
51,500,0.5000,0.000000,0.00000,0.0000,-2.4817,3.4817,0.00,0,0
52,510,0.5100,0.000000,0.00000,0.0000,-2.6526,3.6526,0.00,0,0
53,520,0.5200,0.000000,0.00000,0.0000,-2.5855,3.5855,0.00,0,0
54,530,0.5300,0.000000,0.00000,0.0000,-2.5000,3.5000,0.00,0,0
55,540,0.5400,0.000000,0.00000,0.0000,-2.6770,3.6770,0.00,0,0
56,550,0.5500,0.000000,0.00000,0.0000,-2.6252,3.6252,0.00,0,0
57,560,0.5600,0.000000,0.00000,0.0000,-2.6587,3.6587,0.00,0,0
58,570,0.5700,0.000000,0.00000,0.0000,-2.4328,3.4328,0.00,0,0
59,580,0.5800,0.000000,0.00000,0.0000,-2.5580,3.5580,0.00,0,0
60,590,0.5900,0.000000,0.00000,0.0000,-2.5366,3.5366,0.00,0,0
61,600,0.6000,0.000000,0.00000,0.0000,-2.5122,3.5122,0.00,0,0
62,610,0.6100,0.000000,0.00000,0.0000,-2.5122,3.5122,0.00,0,0
63,620,0.6200,0.000000,0.00000,0.0000,-2.7106,3.7106,0.00,0,0
64,630,0.6300,0.000000,0.00000,0.0000,-2.5733,3.5733,0.00,0,0
65,640,0.6400,0.000000,0.00000,0.0000,-2.4298,3.4298,0.00,0,0
66,650,0.6500,0.000000,0.00000,0.0000,-2.4451,3.4451,0.00,0,0
67,660,0.6600,0.000000,0.00000,0.0000,-2.5763,3.5763,0.00,0,0
68,670,0.6700,0.000000,0.00000,0.0000,-2.6374,3.6374,0.00,0,0
69,680,0.6800,0.000000,0.00000,0.0000,-2.6679,3.6679,0.00,0,0
70,690,0.6900,0.000000,0.00000,0.0000,-2.3565,3.3565,0.00,0,0
71,700,0.7000,0.000000,0.00000,0.0000,-2.3718,3.3718,0.00,0,0
72,710,0.7100,0.000000,0.00000,0.0000,-2.5580,3.5580,0.00,0,0
73,720,0.7200,0.000000,0.00000,0.0000,-2.5092,3.5092,0.00,0,0
74,730,0.7300,0.000000,0.00000,0.0000,-2.4390,3.4390,0.00,0,0
75,740,0.7400,0.000000,0.00000,0.0000,-2.5061,3.5061,0.00,0,0
76,750,0.7500,0.000000,0.00000,0.0000,-2.5153,3.5153,0.00,0,0
77,760,0.7600,0.000000,0.00000,0.0000,-2.7717,3.7717,0.00,0,0
78,770,0.7700,0.000000,0.00000,0.0000,-2.4664,3.4664,0.00,0,0
79,780,0.7800,0.000000,0.00000,0.0000,-2.5061,3.5061,0.00,0,0
80,790,0.7900,0.000000,0.00000,0.0000,-2.6496,3.6496,0.00,0,0
81,800,0.8000,0.000000,0.00000,0.0000,-2.7137,3.7137,0.00,0,0
82,810,0.8100,0.000000,0.00000,0.0000,-2.5977,3.5977,0.00,0,0
83,820,0.8200,0.000000,0.00000,0.0000,-2.7137,3.7137,0.00,0,0
84,830,0.8300,0.000000,0.00000,0.0000,-2.5275,3.5275,0.00,0,0
85,840,0.8400,0.000000,0.00000,0.0000,-2.7228,3.7228,0.00,0,0
86,850,0.8500,0.000000,0.00000,0.0000,-2.6862,3.6862,0.00,0,0
87,860,0.8600,0.000000,0.00000,0.0000,-2.7381,3.7381,0.00,0,0
88,870,0.8700,0.000000,0.00000,0.0000,-2.5885,3.5885,0.00,0,0
89,880,0.8800,0.000000,0.00000,0.0000,-2.5427,3.5427,0.00,0,0
90,890,0.8900,0.000000,0.00000,0.0000,-2.6496,3.6496,0.00,0,0
91,900,0.9000,0.000000,0.00000,0.0000,-2.7381,3.7381,0.00,0,0
92,910,0.9100,0.000000,0.00000,0.0000,-2.4603,3.4603,0.00,0,0
93,920,0.9200,0.000000,0.00000,0.0000,-2.7167,3.7167,0.00,0,0
94,930,0.9300,0.000000,0.00000,0.0000,-2.6252,3.6252,0.00,0,0
95,940,0.9400,0.000000,0.00000,0.0000,-2.6587,3.6587,0.00,0,0
96,950,0.9500,0.000000,0.00000,0.0000,-2.4603,3.4603,0.00,0,0
97,960,0.9600,0.000000,0.00000,0.0000,-2.4390,3.4390,0.00,0,0
98,970,0.9700,0.000000,0.00000,0.0000,-2.6374,3.6374,0.00,0,0
99,980,0.9800,0.000000,0.00000,0.3690,-2.5092,3.5092,0.00,0,0
100,990,0.9900,0.000000,0.00740,1.2560,-2.5610,3.5610,1.78,4022,1
101,1000,1.0000,0.000150,0.02510,1.6250,-5.6929,6.6929,3.35,3958,1
102,1010,1.0100,0.000500,0.03990,1.1080,-8.1685,9.1685,4.58,3907,1
103,1020,1.0200,0.000950,0.04730,0.5170,-9.2186,10.2186,5.11,3886,1
104,1030,1.0300,0.001450,0.05020,0.1480,-8.8614,9.8614,4.93,3893,1
105,1040,1.0400,0.001950,0.05020,0.0000,-7.6129,8.6129,4.31,3919,1
106,1050,1.0500,0.002450,0.05020,0.1480,-5.3022,6.3022,3.15,3966,1
107,1060,1.0600,0.002960,0.05320,0.2960,-2.8358,3.8358,1.92,4016,1
108,1070,1.0700,0.003520,0.05620,0.1480,-1.4560,2.4560,1.23,4045,1
109,1080,1.0800,0.004080,0.05620,-0.3690,-0.9371,1.9371,0.97,4055,1
110,1090,1.0900,0.004640,0.04880,-0.9610,-1.2882,2.2882,1.14,4048,1
111,1100,1.1000,0.005050,0.03690,-0.9610,-2.0116,3.0116,1.51,4033,1
112,1110,1.1100,0.005380,0.02960,-0.5170,-3.0830,4.0830,2.04,4011,1
113,1120,1.1200,0.005640,0.02660,-0.1480,-4.3284,5.3284,2.66,3986,1
114,1130,1.1300,0.005910,0.02660,0.0000,-4.6123,5.6123,2.81,3980,1
115,1140,1.1400,0.006180,0.02660,-0.1480,-4.1392,5.1392,2.57,3990,1
116,1150,1.1500,0.006440,0.02360,-0.2960,-3.7149,4.7149,2.36,3998,1
117,1160,1.1600,0.006650,0.02070,-0.5170,-3.7180,4.7180,2.36,3998,1
118,1170,1.1700,0.006860,0.01330,-0.8870,-4.1941,5.1941,2.60,3989,1
119,1180,1.1800,0.006920,0.00300,-0.1480,-4.2552,5.2552,2.63,3987,1
120,1190,1.1900,0.006920,0.01030,1.6250,-4.0293,5.0293,2.51,3992,1
121,1200,1.2000,0.007120,0.03550,1.9950,-3.5653,4.5653,2.28,4002,1
122,1210,1.2100,0.007620,0.05020,0.7390,-3.6447,4.6447,2.32,4000,1
123,1220,1.2200,0.008130,0.05020,-0.0000,-3.7393,4.7393,2.37,3998,1
124,1230,1.2300,0.008630,0.05020,-0.0000,-3.2967,4.2967,2.15,4007,1
125,1240,1.2400,0.009130,0.05020,0.0000,-2.8968,3.8968,1.95,4015,1
126,1250,1.2500,0.009630,0.05020,0.0000,-3.0708,4.0708,2.04,4012,1
127,1260,1.2600,0.010140,0.05020,0.5170,-3.6294,4.6294,2.31,4000,1
128,1270,1.2700,0.010640,0.06060,0.5170,-4.0537,5.0537,2.53,3992,1
129,1280,1.2800,0.011350,0.06060,-1.2560,-3.9805,4.9805,2.49,3993,1
130,1290,1.2900,0.011850,0.03550,-1.9950,-3.7698,4.7698,2.38,3997,1
131,1300,1.3000,0.012060,0.02070,-0.7390,-3.8614,4.8614,2.43,3995,1
132,1310,1.3100,0.012270,0.02070,0.0000,-4.0415,5.0415,2.52,3992,1
133,1320,1.3200,0.012470,0.02070,0.0000,-3.9469,4.9469,2.47,3994,1
134,1330,1.3300,0.012680,0.02070,0.0000,-3.6813,4.6813,2.34,3999,1
135,1340,1.3400,0.012890,0.02070,0.0000,-3.4402,4.4402,2.22,4004,1
136,1350,1.3500,0.013090,0.02070,0.0000,-3.5714,4.5714,2.29,4001,1
137,1360,1.3600,0.013300,0.02070,-0.0000,-3.8217,4.8217,2.41,3996,1
138,1370,1.3700,0.013510,0.02070,-0.0000,-3.8004,4.8004,2.40,3997,1
139,1380,1.3800,0.013710,0.02070,0.0000,-3.5317,4.5317,2.27,4002,1
140,1390,1.3900,0.013920,0.02070,0.0000,-3.2753,4.2753,2.14,4007,1
141,1400,1.4000,0.014130,0.02070,0.0000,-3.8492,4.8492,2.42,3996,1
142,1410,1.4100,0.014330,0.02070,0.0000,-3.9866,4.9866,2.49,3993,1
143,1420,1.4200,0.014540,0.02070,0.0000,-4.0018,5.0018,2.50,3993,1
144,1430,1.4300,0.014750,0.02070,0.0000,-3.5867,4.5867,2.29,4001,1
145,1440,1.4400,0.014950,0.02070,-0.5170,-3.3242,4.3242,2.16,4006,1
146,1450,1.4500,0.015160,0.01030,-1.0340,-3.5348,4.5348,2.27,4002,1
147,1460,1.4600,0.015160,0.00000,-0.5170,-3.4829,4.4829,2.24,4003,1
148,1470,1.4700,0.015160,0.00000,0.0000,-3.3364,4.3364,2.17,4006,1
149,1480,1.4800,0.015160,0.00000,0.0000,-3.1502,4.1502,2.08,4010,1
150,1490,1.4900,0.015160,0.00000,0.0000,-3.5226,4.5226,2.26,4002,1
151,1500,1.5000,0.015160,0.00000,0.0000,-3.9713,4.9713,2.49,3993,1
152,1510,1.5100,0.015160,0.00000,0.0000,-4.1697,5.1697,2.58,3989,1
153,1520,1.5200,0.015160,0.00000,0.0000,-3.8492,4.8492,2.42,3996,1
154,1530,1.5300,0.015160,0.00000,0.1480,-3.4402,4.4402,2.22,4004,1
155,1540,1.5400,0.015160,0.00300,0.9610,-3.6477,4.6477,2.32,4000,1
156,1550,1.5500,0.015220,0.01920,1.6990,-4.0171,5.0171,2.51,3992,1
157,1560,1.5600,0.015550,0.03690,1.1820,-3.8370,4.8370,2.42,3996,1
158,1570,1.5700,0.015960,0.04290,0.3690,-3.6142,4.6142,2.31,4001,1
159,1580,1.5800,0.016400,0.04430,0.0740,-3.5348,4.5348,2.27,4002,1
160,1590,1.5900,0.016850,0.04430,-0.0000,-4.1270,5.1270,2.56,3990,1
161,1600,1.6000,0.017290,0.04430,-0.0000,-4.1972,5.1972,2.60,3989,1
162,1610,1.6100,0.017730,0.04430,0.3690,-3.8462,4.8462,2.42,3996,1
163,1620,1.6200,0.018180,0.05170,0.5910,-3.5043,4.5043,2.25,4003,1
164,1630,1.6300,0.018770,0.05620,-0.5910,-3.4585,4.4585,2.23,4004,1
165,1640,1.6400,0.019300,0.03990,-1.6990,-3.8126,4.8126,2.41,3996,1
166,1650,1.6500,0.019560,0.02220,-1.1820,-3.9194,4.9194,2.46,3994,1
167,1660,1.6600,0.019740,0.01630,0.2960,-3.6844,4.6844,2.34,3999,1
168,1670,1.6700,0.019890,0.02810,1.2560,-3.4280,4.4280,2.21,4004,1
169,1680,1.6800,0.020300,0.04140,0.6650,-3.8217,4.8217,2.41,3996,1
170,1690,1.6900,0.020720,0.04140,0.0000,-4.0965,5.0965,2.55,3991,1
171,1700,1.7000,0.021130,0.04140,-0.3690,-3.8339,4.8339,2.42,3996,1
172,1710,1.7100,0.021550,0.03400,-0.7390,-3.4585,4.4585,2.23,4004,1
173,1720,1.7200,0.021810,0.02660,-6.2060,-3.2723,4.2723,2.14,4008,1
174,1730,1.7300,0.022080,-0.09010,-17.2890,-3.5653,4.5653,2.28,4002,1
175,1740,1.7400,0.020010,-0.31920,-21.7220,-3.9438,4.9438,2.47,3994,1
176,1750,1.7500,0.015690,-0.52460,-19.5060,-4.0690,5.0690,2.53,3991,1
177,1760,1.7600,0.009520,-0.70930,-18.1020,-6.8010,7.8010,3.90,3935,1
178,1770,1.7700,0.001510,-0.88660,-16.7720,-12.0360,13.0360,6.52,3828,1
179,1780,1.7800,-0.008220,-1.04470,-17.5110,-18.5226,19.5226,9.76,3695,1
180,1790,1.7900,-0.019390,-1.23680,-21.1310,-24.8169,25.8169,10.00,3686,1
181,1800,1.8000,-0.032950,-1.46740,-24.2340,-24.1453,25.1453,10.00,3686,1
182,1810,1.8100,-0.048730,-1.72150,-21.2790,-22.7045,23.7045,10.00,3686,1
183,1820,1.8200,-0.067380,-1.89290,-11.8960,-21.8895,22.8895,10.00,3686,1
184,1830,1.8300,-0.086590,-1.95940,-7.6100,-19.6917,20.6917,10.00,3686,1
185,1840,1.8400,-0.106570,-2.04520,-9.6050,-18.5256,19.5256,9.76,3695,1
186,1850,1.8500,-0.127500,-2.15150,-9.8270,-18.1410,19.1410,9.57,3703,1
187,1860,1.8600,-0.149600,-2.24170,-9.8270,-15.9890,16.9890,8.49,3747,1
188,1870,1.8700,-0.172330,-2.34810,-10.3440,-14.6429,15.6429,7.82,3775,1
189,1880,1.8800,-0.196570,-2.44860,-5.1720,-13.1227,14.1227,7.06,3806,1
190,1890,1.8900,-0.221300,-2.45150,4.4330,-11.3736,12.3736,6.19,3842,1
191,1900,1.9000,-0.245600,-2.35990,11.3780,-11.6087,12.6087,6.30,3837,1
192,1910,1.9100,-0.268500,-2.22400,14.0380,-12.1337,13.1337,6.57,3826,1
193,1920,1.9200,-0.290070,-2.07910,12.0430,-13.2570,14.2570,7.13,3803,1
194,1930,1.9300,-0.310080,-1.98310,5.5410,-15.3358,16.3358,8.17,3761,1
195,1940,1.9400,-0.329740,-1.96830,0.2220,-18.6569,19.6569,9.83,3693,1
196,1950,1.9500,-0.349450,-1.97870,2.1430,-22.6465,23.6465,10.00,3686,1
197,1960,1.9600,-0.369310,-1.92550,8.9400,-22.2802,23.2802,10.00,3686,1
198,1970,1.9700,-0.387960,-1.79990,7.1670,-22.7076,23.7076,10.00,3686,1
199,1980,1.9800,-0.405310,-1.78210,-3.4720,-23.8126,24.8126,10.00,3686,1
200,1990,1.9900,-0.423600,-1.86930,-6.1320,-24.5910,25.5910,10.00,3686,1
201,2000,2.0000,-0.442690,-1.90480,-1.7730,-23.1532,24.1532,10.00,3686,1
202,2010,2.0100,-0.461700,-1.90480,0.3690,-22.4939,23.4939,10.00,3686,1
203,2020,2.0200,-0.480790,-1.89740,2.6600,-22.2802,23.2802,10.00,3686,1
204,2030,2.0300,-0.499640,-1.85160,3.5460,-23.0159,24.0159,10.00,3686,1
205,2040,2.0400,-0.517820,-1.82650,0.1480,-23.1593,24.1593,10.00,3686,1
206,2050,2.0500,-0.536170,-1.84860,-1.4780,-22.4206,23.4206,10.00,3686,1
207,2060,2.0600,-0.554790,-1.85600,0.6650,-22.3932,23.3932,10.00,3686,1
208,2070,2.0700,-0.573290,-1.83530,0.2220,-22.6160,23.6160,10.00,3686,1
209,2080,2.0800,-0.591500,-1.85160,-6.2060,-23.9927,24.9927,10.00,3686,1
210,2090,2.0900,-0.610320,-1.95940,-12.6340,-23.6905,24.6905,10.00,3686,1
211,2100,2.1000,-0.630690,-2.10430,-12.6350,-23.5440,24.5440,10.00,3686,1
212,2110,2.1100,-0.652410,-2.21210,-8.8660,-23.5501,24.5501,10.00,3686,1
213,2120,2.1200,-0.674930,-2.28160,-4.2110,-23.7851,24.7851,10.00,3686,1
214,2130,2.1300,-0.698040,-2.29640,-1.5510,-25.0824,26.0824,10.00,3686,1
215,2140,2.1400,-0.720860,-2.31260,-5.5410,-25.7967,26.7967,10.00,3686,1
216,2150,2.1500,-0.744290,-2.40720,-8.8660,-25.9310,26.9310,10.00,3686,1
217,2160,2.1600,-0.769000,-2.48990,-5.3940,-26.0073,27.0073,10.00,3686,1
218,2170,2.1700,-0.794090,-2.51510,-1.2560,-26.2607,27.2607,10.00,3686,1
219,2180,2.1800,-0.819300,-2.51510,0.0000,-26.3919,27.3919,10.00,3686,1
220,2190,2.1900,-0.844390,-2.51510,-0.0000,-26.9933,27.9933,10.00,3686,1
221,2200,2.2000,-0.869600,-2.51510,-0.4440,-27.1184,28.1184,10.00,3686,1
222,2210,2.2100,-0.894700,-2.52390,-2.5120,-27.4237,28.4237,10.00,3686,1
223,2220,2.2200,-0.920080,-2.56530,-4.3590,-27.8724,28.8724,10.00,3686,1
224,2230,2.2300,-0.946000,-2.61110,-3.6200,-27.8694,28.8694,10.00,3686,1
225,2240,2.2400,-0.972310,-2.63770,-2.2170,-28.1593,29.1593,10.00,3686,1
226,2250,2.2500,-0.998760,-2.65540,-1.1080,-28.5775,29.5775,10.00,3686,1
227,2260,2.2600,-1.025410,-2.65990,-0.2220,-29.0171,30.0171,10.00,3686,1
228,2270,2.2700,-1.051950,-2.65990,0.0000,-28.9103,29.9103,10.00,3686,1
229,2280,2.2800,-1.078610,-2.65990,0.0000,-29.2186,30.2186,10.00,3686,1
230,2290,2.2900,-1.105150,-2.65990,0.0000,-29.4567,30.4567,10.00,3686,1
231,2300,2.3000,-1.131810,-2.65990,0.0000,-29.6581,30.6581,10.00,3686,1
232,2310,2.3100,-1.158350,-2.65990,0.0000,-29.9328,30.9328,10.00,3686,1
233,2320,2.3200,-1.185010,-2.65990,0.0000,-30.0336,31.0336,10.00,3686,1
234,2330,2.3300,-1.211550,-2.65990,0.0000,-29.0781,30.0781,10.00,3686,1
235,2340,2.3400,-1.238200,-2.65990,-0.0000,-28.8950,29.8950,10.00,3686,1
236,2350,2.3500,-1.264740,-2.65990,-0.0000,-29.3834,30.3834,10.00,3686,1
237,2360,2.3600,-1.291400,-2.65990,0.0000,-29.6520,30.6520,10.00,3686,1
238,2370,2.3700,-1.317940,-2.65990,0.0000,-30.4243,31.4243,10.00,3686,1
239,2380,2.3800,-1.344600,-2.65990,0.0000,-29.7405,30.7405,10.00,3686,1
240,2390,2.3900,-1.371140,-2.65990,0.0000,-29.8535,30.8535,10.00,3686,1
241,2400,2.4000,-1.397800,-2.65990,0.0000,-30.0580,31.0580,10.00,3686,1
242,2410,2.4100,-1.424340,-2.65990,0.0000,-30.1313,31.1313,10.00,3686,1
243,2420,2.4200,-1.451000,-2.65990,0.0000,-30.0519,31.0519,10.00,3686,1
244,2430,2.4300,-1.477530,-2.65990,-0.0000,-30.5006,31.5006,10.00,3686,1
245,2440,2.4400,-1.504190,-2.65990,-0.0000,-30.1496,31.1496,10.00,3686,1
246,2450,2.4500,-1.530730,-2.65990,0.0000,-30.0549,31.0549,10.00,3686,1
247,2460,2.4600,-1.557390,-2.65990,0.0000,-29.9054,30.9054,10.00,3686,1
248,2470,2.4700,-1.583930,-2.65990,0.0000,-29.5360,30.5360,10.00,3686,1
249,2480,2.4800,-1.610590,-2.65990,0.0000,-29.4414,30.4414,10.00,3686,1
250,2490,2.4900,-1.637130,-2.65990,0.0000,-29.3346,30.3346,10.00,3686,1
251,2500,2.5000,-1.663790,-2.65990,0.0000,-29.3437,30.3437,10.00,3686,1
252,2510,2.5100,-1.690330,-2.65990,0.0000,-29.3803,30.3803,10.00,3686,1
253,2520,2.5200,-1.716980,-2.65990,-0.0000,-30.0610,31.0610,10.00,3686,1
254,2530,2.5300,-1.743520,-2.65990,-0.0010,-28.6325,29.6325,10.00,3686,1
255,2540,2.5400,-1.770180,-2.65990,0.0000,-29.1148,30.1148,10.00,3686,1
256,2550,2.5500,-1.796720,-2.65990,0.0010,-28.7607,29.7607,10.00,3686,1
257,2560,2.5600,-1.823380,-2.65990,0.0000,-28.6722,29.6722,10.00,3686,1
258,2570,2.5700,-1.849920,-2.65990,0.0000,-29.0842,30.0842,10.00,3686,1
259,2580,2.5800,-1.876580,-2.65990,0.0000,-29.0904,30.0904,10.00,3686,1
260,2590,2.5900,-1.903120,-2.65990,0.0000,-29.1453,30.1453,10.00,3686,1
261,2600,2.6000,-1.929770,-2.65990,0.5910,-29.2796,30.2796,10.00,3686,1
262,2610,2.6100,-1.956310,-2.64810,1.2560,-29.4658,30.4658,10.00,3686,1
263,2620,2.6200,-1.982740,-2.63480,0.7380,-29.2582,30.2582,10.00,3686,1
264,2630,2.6300,-2.009010,-2.63330,0.0740,-29.0568,30.0568,10.00,3686,1
265,2640,2.6400,-2.035400,-2.63330,0.0000,-28.4371,29.4371,10.00,3686,1
266,2650,2.6500,-2.061670,-2.63330,0.0000,-28.8278,29.8278,10.00,3686,1
267,2660,2.6600,-2.088070,-2.63330,0.0000,-28.8797,29.8797,10.00,3686,1
268,2670,2.6700,-2.114340,-2.63330,0.0000,-28.9225,29.9225,10.00,3686,1
269,2680,2.6800,-2.140730,-2.63330,0.0000,-29.1178,30.1178,10.00,3686,1
270,2690,2.6900,-2.167010,-2.63330,-0.4430,-29.1087,30.1087,10.00,3686,1
271,2700,2.7000,-2.193400,-2.64220,-0.9600,-29.1483,30.1483,10.00,3686,1
272,2710,2.7100,-2.219850,-2.65250,-0.5910,-29.1483,30.1483,10.00,3686,1
273,2720,2.7200,-2.246450,-2.65400,-0.0740,-29.1667,30.1667,10.00,3686,1
274,2730,2.7300,-2.272930,-2.65400,0.0000,-29.1636,30.1636,10.00,3686,1
275,2740,2.7400,-2.299530,-2.65400,0.0000,-28.9713,29.9713,10.00,3686,1
276,2750,2.7500,-2.326010,-2.65400,0.0000,-28.9927,29.9927,10.00,3686,1
277,2760,2.7600,-2.352610,-2.65400,0.0740,-28.8645,29.8645,10.00,3686,1
278,2770,2.7700,-2.379090,-2.65250,0.1480,-29.1392,30.1392,10.00,3686,1
279,2780,2.7800,-2.405660,-2.65100,-0.0740,-29.0995,30.0995,10.00,3686,1
280,2790,2.7900,-2.432110,-2.65400,-0.2960,-29.1850,30.1850,10.00,3686,1
281,2800,2.8000,-2.458740,-2.65690,-0.0750,-29.2277,30.2277,10.00,3686,1
282,2810,2.8100,-2.485250,-2.65550,0.1480,-28.9347,29.9347,10.00,3686,1
283,2820,2.8200,-2.511850,-2.65400,0.0750,-28.8156,29.8156,10.00,3686,1
284,2830,2.8300,-2.538330,-2.65400,0.0000,-28.9408,29.9408,10.00,3686,1
285,2840,2.8400,-2.564920,-2.65400,0.0000,-28.9042,29.9042,10.00,3686,1
286,2850,2.8500,-2.591400,-2.65400,-0.0750,-29.2582,30.2582,10.00,3686,1
287,2860,2.8600,-2.618000,-2.65550,-0.1480,-29.2674,30.2674,10.00,3686,1
288,2870,2.8700,-2.644510,-2.65690,-0.0730,-29.2949,30.2949,10.00,3686,1
289,2880,2.8800,-2.671140,-2.65690,0.0000,-29.3834,30.3834,10.00,3686,1
290,2890,2.8900,-2.697650,-2.65690,-0.0740,-29.3895,30.3895,10.00,3686,1
291,2900,2.9000,-2.724280,-2.65840,-0.1480,-29.3651,30.3651,10.00,3686,1
292,2910,2.9100,-2.750820,-2.65990,-0.0740,-29.3803,30.3803,10.00,3686,1
293,2920,2.9200,-2.777480,-2.65990,0.0000,-29.5543,30.5543,10.00,3686,1
294,2930,2.9300,-2.804020,-2.65990,0.0000,-29.5757,30.5757,10.00,3686,1
295,2940,2.9400,-2.830680,-2.65990,-0.0010,-29.4780,30.4780,10.00,3686,1
296,2950,2.9500,-2.857220,-2.65990,0.0000,-29.4444,30.4444,10.00,3686,1
297,2960,2.9600,-2.883870,-2.65990,0.0010,-29.5635,30.5635,10.00,3686,1
298,2970,2.9700,-2.910410,-2.65990,0.0000,-29.6062,30.6062,10.00,3686,1
299,2980,2.9800,-2.937070,-2.65990,0.0000,-29.5330,30.5330,10.00,3686,1
300,2990,2.9900,-2.963610,-2.65990,0.0000,-29.5696,30.5696,10.00,3686,1
301,3000,3.0000,-2.990270,-2.65990,0.0000,-29.6062,30.6062,10.00,3686,1
302,3010,3.0100,-3.016810,-2.65990,0.0000,-29.4567,30.4567,10.00,3686,1
303,3020,3.0200,-3.043470,-2.65990,0.0000,-29.4628,30.4628,10.00,3686,1
304,3030,3.0300,-3.070010,-2.65990,-0.0010,-29.4475,30.4475,10.00,3686,1
305,3040,3.0400,-3.096660,-2.65990,0.0000,-29.3681,30.3681,10.00,3686,1
306,3050,3.0500,-3.123200,-2.65990,0.0010,-29.5421,30.5421,10.00,3686,1
307,3060,3.0600,-3.149860,-2.65990,0.0000,-29.3620,30.3620,10.00,3686,1
308,3070,3.0700,-3.176400,-2.65990,0.0000,-29.5940,30.5940,10.00,3686,1
309,3080,3.0800,-3.203060,-2.65990,0.0000,-29.4933,30.4933,10.00,3686,1
310,3090,3.0900,-3.229600,-2.65990,0.0000,-29.4994,30.4994,10.00,3686,1
311,3100,3.1000,-3.256260,-2.65990,0.0000,-29.4567,30.4567,10.00,3686,1
312,3110,3.1100,-3.282800,-2.65990,0.0000,-29.5177,30.5177,10.00,3686,1
313,3120,3.1200,-3.309450,-2.65990,-0.0010,-29.4567,30.4567,10.00,3686,1
314,3130,3.1300,-3.335990,-2.65990,0.0000,-29.4414,30.4414,10.00,3686,1
315,3140,3.1400,-3.362650,-2.65990,0.0010,-29.4505,30.4505,10.00,3686,1
316,3150,3.1500,-3.389190,-2.65990,0.0000,-29.6490,30.6490,10.00,3686,1
317,3160,3.1600,-3.415850,-2.65990,0.0000,-29.5269,30.5269,10.00,3686,1
318,3170,3.1700,-3.442390,-2.65990,0.0000,-29.4414,30.4414,10.00,3686,1
319,3180,3.1800,-3.469050,-2.65990,0.0000,-29.4780,30.4780,10.00,3686,1
320,3190,3.1900,-3.495590,-2.65990,0.0000,-29.7741,30.7741,10.00,3686,1
321,3200,3.2000,-3.522250,-2.65990,0.0000,-29.7039,30.7039,10.00,3686,1
322,3210,3.2100,-3.548790,-2.65990,-0.0010,-29.6276,30.6276,10.00,3686,1
323,3220,3.2200,-3.575440,-2.65990,0.0000,-29.4200,30.4200,10.00,3686,1
324,3230,3.2300,-3.601980,-2.65990,0.0010,-29.7283,30.7283,10.00,3686,1
325,3240,3.2400,-3.628640,-2.65990,0.0000,-29.7314,30.7314,10.00,3686,1
326,3250,3.2500,-3.655180,-2.65990,0.0000,-29.7924,30.7924,10.00,3686,1
327,3260,3.2600,-3.681840,-2.65990,0.0000,-29.8932,30.8932,10.00,3686,1
328,3270,3.2700,-3.708380,-2.65990,0.0000,-30.1099,31.1099,10.00,3686,1
329,3280,3.2800,-3.735040,-2.65990,0.0000,-29.7436,30.7436,10.00,3686,1
330,3290,3.2900,-3.761580,-2.65990,0.0000,-29.7100,30.7100,10.00,3686,1
331,3300,3.3000,-3.788230,-2.65990,-0.0010,-29.6978,30.6978,10.00,3686,1
332,3310,3.3100,-3.814770,-2.65990,0.0000,-29.7100,30.7100,10.00,3686,1
333,3320,3.3200,-3.841430,-2.65990,0.0010,-29.5665,30.5665,10.00,3686,1
334,3330,3.3300,-3.867970,-2.65990,0.0000,-29.8687,30.8687,10.00,3686,1
335,3340,3.3400,-3.894630,-2.65990,0.0000,-29.7863,30.7863,10.00,3686,1
336,3350,3.3500,-3.921170,-2.65990,0.0000,-29.6062,30.6062,10.00,3686,1
337,3360,3.3600,-3.947830,-2.65990,0.0010,-29.4963,30.4963,10.00,3686,1
338,3370,3.3700,-3.974370,-2.65990,0.0000,-29.6215,30.6215,10.00,3686,1
339,3380,3.3800,-4.001020,-2.65990,-0.0010,-29.5665,30.5665,10.00,3686,1
340,3390,3.3900,-4.027560,-2.65990,-0.0010,-29.5604,30.5604,10.00,3686,1
341,3400,3.4000,-4.054220,-2.65990,0.0000,-29.3742,30.3742,10.00,3686,1
342,3410,3.4100,-4.080760,-2.65990,0.0010,-29.4933,30.4933,10.00,3686,1
343,3420,3.4200,-4.107420,-2.65990,0.0010,-29.4353,30.4353,10.00,3686,1
344,3430,3.4300,-4.133960,-2.65990,-0.0010,-29.4994,30.4994,10.00,3686,1
345,3440,3.4400,-4.160620,-2.65990,-0.0010,-29.3559,30.3559,10.00,3686,1
346,3450,3.4500,-4.187160,-2.65990,0.0010,-29.4231,30.4231,10.00,3686,1
347,3460,3.4600,-4.213820,-2.65990,0.0010,-29.3620,30.3620,10.00,3686,1
348,3470,3.4700,-4.240350,-2.65990,-0.0010,-29.3193,30.3193,10.00,3686,1
349,3480,3.4800,-4.267010,-2.65990,-0.0010,-29.3956,30.3956,10.00,3686,1
350,3490,3.4900,-4.293550,-2.65990,0.0000,-29.4139,30.4139,10.00,3686,1
351,3500,3.5000,-4.320210,-2.65990,0.0010,-29.4109,30.4109,10.00,3686,1
352,3510,3.5100,-4.346750,-2.65990,0.0010,-29.4658,30.4658,10.00,3686,1
353,3520,3.5200,-4.373410,-2.65990,-0.0010,-29.5330,30.5330,10.00,3686,1
354,3530,3.5300,-4.399950,-2.65990,-0.0010,-29.4017,30.4017,10.00,3686,1
355,3540,3.5400,-4.426610,-2.65990,0.0010,-29.4658,30.4658,10.00,3686,1
356,3550,3.5500,-4.453150,-2.65990,0.0010,-29.4292,30.4292,10.00,3686,1
357,3560,3.5600,-4.479800,-2.65990,-0.0010,-29.3346,30.3346,10.00,3686,1
358,3570,3.5700,-4.506340,-2.65990,-0.0010,-29.2247,30.2247,10.00,3686,1
359,3580,3.5800,-4.533000,-2.65990,0.0000,-29.1636,30.1636,10.00,3686,1
360,3590,3.5900,-4.559540,-2.65990,0.0010,-29.3773,30.3773,10.00,3686,1
361,3600,3.6000,-4.586200,-2.65990,0.0010,-29.3803,30.3803,10.00,3686,1
362,3610,3.6100,-4.612740,-2.65990,-0.0010,-29.4505,30.4505,10.00,3686,1
363,3620,3.6200,-4.639400,-2.65990,-0.0010,-29.4078,30.4078,10.00,3686,1
364,3630,3.6300,-4.665940,-2.65990,0.0010,-29.5085,30.5085,10.00,3686,1
365,3640,3.6400,-4.692590,-2.65990,0.0010,-29.2827,30.2827,10.00,3686,1
366,3650,3.6500,-4.719130,-2.65990,-0.0010,-29.2674,30.2674,10.00,3686,1
367,3660,3.6600,-4.745790,-2.65990,-0.0010,-29.2735,30.2735,10.00,3686,1
368,3670,3.6700,-4.772330,-2.65990,0.0000,-29.0324,30.0324,10.00,3686,1
369,3680,3.6800,-4.798990,-2.65990,0.0010,-28.7882,29.7882,10.00,3686,1
370,3690,3.6900,-4.825530,-2.65990,0.0010,-29.2430,30.2430,10.00,3686,1
371,3700,3.7000,-4.852190,-2.65990,0.4420,-29.2063,30.2063,10.00,3686,1
372,3710,3.7100,-4.878730,-2.65100,0.8850,-29.3315,30.3315,10.00,3686,1
373,3720,3.7200,-4.905210,-2.64220,0.4430,-29.1941,30.1941,10.00,3686,1
374,3730,3.7300,-4.931570,-2.64220,0.0020,-29.2063,30.2063,10.00,3686,1
375,3740,3.7400,-4.958050,-2.64210,0.0000,-28.8919,29.8919,10.00,3686,1
376,3750,3.7500,-4.984410,-2.64220,-0.0020,-28.9774,29.9774,10.00,3686,1
377,3760,3.7600,-5.010890,-2.64220,-0.0010,-28.7515,29.7515,10.00,3686,1
378,3770,3.7700,-5.037260,-2.64220,0.0010,-28.7851,29.7851,10.00,3686,1
379,3780,3.7800,-5.063740,-2.64220,0.0010,-28.9377,29.9377,10.00,3686,1
380,3790,3.7900,-5.090100,-2.64220,-0.4430,-28.9286,29.9286,10.00,3686,1
381,3800,3.8000,-5.116580,-2.65100,-0.8870,-29.0232,30.0232,10.00,3686,1
382,3810,3.8100,-5.143120,-2.65990,-0.4430,-29.1178,30.1178,10.00,3686,1
383,3820,3.8200,-5.169780,-2.65990,0.0010,-29.1758,30.1758,10.00,3686,1
384,3830,3.8300,-5.196320,-2.65990,0.0010,-28.9316,29.9316,10.00,3686,1
385,3840,3.8400,-5.222980,-2.65990,-0.0010,-28.8675,29.8675,10.00,3686,1
386,3850,3.8500,-5.249520,-2.65990,-0.0010,-28.9683,29.9683,10.00,3686,1
387,3860,3.8600,-5.276170,-2.65990,0.0010,-28.8431,29.8431,10.00,3686,1
388,3870,3.8700,-5.302710,-2.65990,0.0010,-29.2125,30.2125,10.00,3686,1
389,3880,3.8800,-5.329370,-2.65990,-0.0010,-29.1087,30.1087,10.00,3686,1
390,3890,3.8900,-5.355910,-2.65990,-0.0010,-29.0293,30.0293,10.00,3686,1
391,3900,3.9000,-5.382570,-2.65990,0.0000,-28.8309,29.8309,10.00,3686,1
392,3910,3.9100,-5.409110,-2.65990,0.0010,-29.1392,30.1392,10.00,3686,1
393,3920,3.9200,-5.435770,-2.65990,0.0010,-29.1148,30.1148,10.00,3686,1
394,3930,3.9300,-5.462310,-2.65990,-0.0010,-29.1728,30.1728,10.00,3686,1
395,3940,3.9400,-5.488960,-2.65990,-0.0010,-29.0446,30.0446,10.00,3686,1
396,3950,3.9500,-5.515500,-2.65990,0.0010,-29.1300,30.1300,10.00,3686,1
397,3960,3.9600,-5.542160,-2.65990,0.0010,-29.3254,30.3254,10.00,3686,1
398,3970,3.9700,-5.568700,-2.65990,-0.0010,-29.3956,30.3956,10.00,3686,1
399,3980,3.9800,-5.595360,-2.65990,-0.0010,-29.1911,30.1911,10.00,3686,1
400,3990,3.9900,-5.621900,-2.65990,0.0000,-29.0659,30.0659,10.00,3686,1
401,4000,4.0000,-5.648560,-2.65990,0.0010,-29.2552,30.2552,10.00,3686,1
402,4010,4.0100,-5.675100,-2.65990,0.0010,-29.3468,30.3468,10.00,3686,1
403,4020,4.0200,-5.701750,-2.65990,-0.0010,-29.2582,30.2582,10.00,3686,1
404,4030,4.0300,-5.728290,-2.65990,-0.0010,-29.2338,30.2338,10.00,3686,1
405,4040,4.0400,-5.754950,-2.65990,0.0010,-29.2613,30.2613,10.00,3686,1
406,4050,4.0500,-5.781490,-2.65990,0.0010,-29.3803,30.3803,10.00,3686,1
407,4060,4.0600,-5.808150,-2.65990,-0.0010,-29.2033,30.2033,10.00,3686,1
408,4070,4.0700,-5.834690,-2.65990,-0.0010,-29.1758,30.1758,10.00,3686,1
409,4080,4.0800,-5.861350,-2.65990,0.0000,-29.1422,30.1422,10.00,3686,1
410,4090,4.0900,-5.887890,-2.65990,0.0010,-29.3254,30.3254,10.00,3686,1
411,4100,4.1000,-5.914550,-2.65990,0.0010,-29.1026,30.1026,10.00,3686,1
412,4110,4.1100,-5.941080,-2.65990,-0.0010,-29.3864,30.3864,10.00,3686,1
413,4120,4.1200,-5.967740,-2.65990,-0.0010,-29.2735,30.2735,10.00,3686,1
414,4130,4.1300,-5.994280,-2.65990,0.0010,-29.4261,30.4261,10.00,3686,1
415,4140,4.1400,-6.020940,-2.65990,0.0010,-29.3040,30.3040,10.00,3686,1
416,4150,4.1500,-6.047480,-2.65990,-0.0010,-29.3254,30.3254,10.00,3686,1
417,4160,4.1600,-6.074140,-2.65990,-0.0010,-28.5623,29.5623,10.00,3686,1
418,4170,4.1700,-6.100680,-2.65990,0.0000,-29.1636,30.1636,10.00,3686,1
419,4180,4.1800,-6.127340,-2.65990,0.0010,-28.9866,29.9866,10.00,3686,1
420,4190,4.1900,-6.153880,-2.65990,0.0010,-29.0781,30.0781,10.00,3686,1
421,4200,4.2000,-6.180530,-2.65990,-0.0010,-29.3834,30.3834,10.00,3686,1
422,4210,4.2100,-6.207070,-2.65990,-0.0010,-29.5452,30.5452,10.00,3686,1
423,4220,4.2200,-6.233730,-2.65990,0.0010,-29.3742,30.3742,10.00,3686,1
424,4230,4.2300,-6.260270,-2.65990,0.0010,-29.3956,30.3956,10.00,3686,1
425,4240,4.2400,-6.286930,-2.65990,-0.0010,-29.5299,30.5299,10.00,3686,1
426,4250,4.2500,-6.313470,-2.65990,-0.0010,-29.5574,30.5574,10.00,3686,1
427,4260,4.2600,-6.340130,-2.65990,0.0000,-29.1911,30.1911,10.00,3686,1
428,4270,4.2700,-6.366670,-2.65990,0.0010,-29.0415,30.0415,10.00,3686,1
429,4280,4.2800,-6.393320,-2.65990,0.0010,-29.0415,30.0415,10.00,3686,1
430,4290,4.2900,-6.419860,-2.65990,-0.0010,-29.1087,30.1087,10.00,3686,1
431,4300,4.3000,-6.446520,-2.65990,-0.0010,-29.3346,30.3346,10.00,3686,1
432,4310,4.3100,-6.473060,-2.65990,0.0010,-29.2338,30.2338,10.00,3686,1
433,4320,4.3200,-6.499720,-2.65990,0.0010,-29.4231,30.4231,10.00,3686,1
434,4330,4.3300,-6.526260,-2.65990,-0.0010,-29.4414,30.4414,10.00,3686,1
435,4340,4.3400,-6.552920,-2.65990,-0.0010,-29.3529,30.3529,10.00,3686,1
436,4350,4.3500,-6.579460,-2.65990,0.0000,-29.3376,30.3376,10.00,3686,1
437,4360,4.3600,-6.606110,-2.65990,0.0010,-29.3742,30.3742,10.00,3686,1
438,4370,4.3700,-6.632650,-2.65990,0.0010,-29.2613,30.2613,10.00,3686,1
439,4380,4.3800,-6.659310,-2.65990,-0.0010,-29.3712,30.3712,10.00,3686,1
440,4390,4.3900,-6.685850,-2.65990,-0.0010,-29.4292,30.4292,10.00,3686,1
441,4400,4.4000,-6.712510,-2.65990,0.0010,-29.3590,30.3590,10.00,3686,1
442,4410,4.4100,-6.739050,-2.65990,0.0010,-29.7253,30.7253,10.00,3686,1
443,4420,4.4200,-6.765710,-2.65990,-0.0010,-29.7070,30.7070,10.00,3686,1
444,4430,4.4300,-6.792250,-2.65990,-0.0010,-29.6673,30.6673,10.00,3686,1
445,4440,4.4400,-6.818900,-2.65990,0.0000,-29.6581,30.6581,10.00,3686,1
446,4450,4.4500,-6.845440,-2.65990,0.0010,-29.6764,30.6764,10.00,3686,1
447,4460,4.4600,-6.872100,-2.65990,0.0010,-29.4902,30.4902,10.00,3686,1
448,4470,4.4700,-6.898640,-2.65990,-0.0010,-29.6245,30.6245,10.00,3686,1
449,4480,4.4800,-6.925300,-2.65990,-0.0010,-29.5726,30.5726,10.00,3686,1
450,4490,4.4900,-6.951840,-2.65990,0.0010,-29.9389,30.9389,10.00,3686,1
451,4500,4.5000,-6.978500,-2.65990,0.0010,-29.9573,30.9573,10.00,3686,1
452,4510,4.5100,-7.005040,-2.65990,-0.0010,-29.8687,30.8687,10.00,3686,1
453,4520,4.5200,-7.031700,-2.65990,-0.0010,-30.0305,31.0305,10.00,3686,1
454,4530,4.5300,-7.058240,-2.65990,0.0000,-30.4701,31.4701,10.00,3686,1
455,4540,4.5400,-7.084890,-2.65990,0.0000,-30.2106,31.2106,10.00,3686,1
456,4550,4.5500,-7.111430,-2.65990,0.0010,-29.9176,30.9176,10.00,3686,1
457,4560,4.5600,-7.138090,-2.65990,0.0010,-30.0122,31.0122,10.00,3686,1
458,4570,4.5700,-7.164630,-2.65990,0.0000,-29.9206,30.9206,10.00,3686,1
459,4580,4.5800,-7.191290,-2.65990,0.0000,-29.8291,30.8291,10.00,3686,1
460,4590,4.5900,-7.217830,-2.65990,0.0010,-30.0214,31.0214,10.00,3686,1
461,4600,4.6000,-7.244490,-2.65980,0.0010,-29.7589,30.7589,10.00,3686,1
462,4610,4.6100,-7.271020,-2.65980,-0.0010,-29.7283,30.7283,10.00,3686,1
463,4620,4.6200,-7.297680,-2.65990,-0.0010,-29.7131,30.7131,10.00,3686,1
464,4630,4.6300,-7.324220,-2.65990,0.0000,-29.6673,30.6673,10.00,3686,1
465,4640,4.6400,-7.350880,-2.65990,0.0000,-29.7589,30.7589,10.00,3686,1
466,4650,4.6500,-7.377420,-2.65990,0.0010,-29.6947,30.6947,10.00,3686,1
467,4660,4.6600,-7.404080,-2.65980,0.0010,-29.7924,30.7924,10.00,3686,1
468,4670,4.6700,-7.430620,-2.65980,-0.0010,-29.8321,30.8321,10.00,3686,1
469,4680,4.6800,-7.457270,-2.65990,-0.0010,-29.7100,30.7100,10.00,3686,1
470,4690,4.6900,-7.483810,-2.65990,-0.0020,-29.7650,30.7650,10.00,3686,1
471,4700,4.7000,-7.510470,-2.65990,-0.0010,-29.8443,30.8443,10.00,3686,1
472,4710,4.7100,-7.537010,-2.65990,0.0010,-29.7741,30.7741,10.00,3686,1
473,4720,4.7200,-7.563670,-2.65990,-0.0010,-29.7955,30.7955,10.00,3686,1
474,4730,4.7300,-7.590210,-2.65990,0.0000,-29.9389,30.9389,10.00,3686,1
475,4740,4.7400,-7.616870,-2.65990,0.0010,-29.9603,30.9603,10.00,3686,1
476,4750,4.7500,-7.643410,-2.65990,-0.0010,-30.0153,31.0153,10.00,3686,1
477,4760,4.7600,-7.670070,-2.65990,-0.0010,-30.0610,31.0610,10.00,3686,1
478,4770,4.7700,-7.696610,-2.65990,0.0010,-30.0427,31.0427,10.00,3686,1
479,4780,4.7800,-7.723260,-2.65990,0.0010,-30.0122,31.0122,10.00,3686,1
480,4790,4.7900,-7.749800,-2.65990,-0.0010,-29.9969,30.9969,10.00,3686,1
481,4800,4.8000,-7.776460,-2.65990,-0.0010,-29.7589,30.7589,10.00,3686,1
482,4810,4.8100,-7.803000,-2.65990,0.0010,-29.7955,30.7955,10.00,3686,1
483,4820,4.8200,-7.829660,-2.65990,0.0010,-29.7009,30.7009,10.00,3686,1
484,4830,4.8300,-7.856200,-2.65990,-0.0010,-30.1007,31.1007,10.00,3686,1
485,4840,4.8400,-7.882860,-2.65990,0.0000,-30.2564,31.2564,10.00,3686,1
486,4850,4.8500,-7.909400,-2.65990,0.0010,-30.4823,31.4823,10.00,3686,1
487,4860,4.8600,-7.936060,-2.65990,-0.0010,-29.9786,30.9786,10.00,3686,1
488,4870,4.8700,-7.962600,-2.65990,-0.0010,-30.0946,31.0946,10.00,3686,1
489,4880,4.8800,-7.989250,-2.65990,0.0000,-29.9908,30.9908,10.00,3686,1
490,4890,4.8900,-8.015790,-2.65990,0.0040,-30.0336,31.0336,10.00,3686,1
491,4900,4.9000,-8.042450,-2.65980,0.0040,-30.1190,31.1190,10.00,3686,1
492,4910,4.9100,-8.068990,-2.65980,0.0000,-30.6746,31.6746,10.00,3686,1
493,4920,4.9200,-8.095650,-2.65980,0.0000,-30.2228,31.2228,10.00,3686,1
494,4930,4.9300,-8.122190,-2.65980,-0.0020,-30.6136,31.6136,10.00,3686,1
495,4940,4.9400,-8.148850,-2.65990,7.3120,-30.2839,31.2839,10.00,3686,1
496,4950,4.9500,-8.175390,-2.51360,21.8700,-29.9786,30.9786,10.00,3686,1
497,4960,4.9600,-8.199120,-2.22250,29.3330,-30.0977,31.0977,10.00,3686,1
498,4970,4.9700,-8.219840,-1.92690,29.5540,-30.1923,31.1923,10.00,3686,1
499,4980,4.9800,-8.237660,-1.63140,29.5540,-30.5067,31.5067,10.00,3686,1
500,4990,4.9900,-8.252460,-1.33590,29.5540,-26.1477,27.1477,0.00,0,0
501,5000,5.0000,-8.264370,-1.04030,29.5540,-7.2314,8.2314,0.00,0,0
502,5010,5.0100,-8.273270,-0.74480,29.5570,-8.4524,9.4524,0.00,0,0
503,5020,5.0200,-8.279270,-0.44920,29.5540,-9.7100,10.7100,0.00,0,0
504,5030,5.0300,-8.282250,-0.15370,22.2350,-9.8504,10.8504,0.00,0,0
505,5040,5.0400,-8.282340,-0.00450,7.6840,-11.1813,12.1813,0.00,0,0
506,5050,5.0500,-8.282340,0.00000,0.2240,-13.1044,14.1044,0.00,0,0
507,5060,5.0600,-8.282340,0.00000,0.0000,-12.5519,13.5519,0.00,0,0
508,5070,5.0700,-8.282340,0.00000,0.0000,-13.8400,14.8400,0.00,0,0
509,5080,5.0800,-8.282340,0.00000,0.0000,-13.6722,14.6722,0.00,0,0
510,5090,5.0900,-8.282340,0.00000,0.0000,-12.7381,13.7381,0.00,0,0
511,5100,5.1000,-8.282340,0.00000,0.0000,-12.9762,13.9762,0.00,0,0
512,5110,5.1100,-8.282340,0.00000,0.0000,-12.1215,13.1215,0.00,0,0
513,5120,5.1200,-8.282340,0.00000,0.0000,-12.0391,13.0391,0.00,0,0
514,5130,5.1300,-8.282340,0.00000,0.0000,-11.6453,12.6453,0.00,0,0
515,5140,5.1400,-8.282340,0.00000,0.0000,-9.8901,10.8901,0.00,0,0
516,5150,5.1500,-8.282340,0.00000,0.0000,-10.1282,11.1282,0.00,0,0
517,5160,5.1600,-8.282340,0.00000,0.0000,-8.7302,9.7302,0.00,0,0
518,5170,5.1700,-8.282340,0.00000,0.0000,-7.9396,8.9396,0.00,0,0
519,5180,5.1800,-8.282340,0.00000,0.0000,-8.2387,9.2387,0.00,0,0
520,5190,5.1900,-8.282340,0.00000,0.0000,-7.8205,8.8205,0.00,0,0
521,5200,5.2000,-8.282340,0.00000,0.0000,-7.0147,8.0147,0.00,0,0
522,5210,5.2100,-8.282340,0.00000,0.0000,-6.5934,7.5934,0.00,0,0
523,5220,5.2200,-8.282340,0.00000,0.0000,-6.4560,7.4560,0.00,0,0
524,5230,5.2300,-8.282340,0.00000,0.0000,-6.8773,7.8773,0.00,0,0
525,5240,5.2400,-8.282340,0.00000,0.0000,-6.1752,7.1752,0.00,0,0
526,5250,5.2500,-8.282340,0.00000,0.0000,-5.7875,6.7875,0.00,0,0
527,5260,5.2600,-8.282340,0.00000,0.0000,-5.6593,6.6593,0.00,0,0
528,5270,5.2700,-8.282340,0.00000,0.0000,-5.4060,6.4060,0.00,0,0
529,5280,5.2800,-8.282340,0.00000,0.0000,-5.5647,6.5647,0.00,0,0
530,5290,5.2900,-8.282340,0.00000,0.0000,-5.3144,6.3144,0.00,0,0
531,5300,5.3000,-8.282340,0.00000,0.0000,-4.5665,5.5665,0.00,0,0
532,5310,5.3100,-8.282340,0.00000,0.0000,-4.2979,5.2979,0.00,0,0
533,5320,5.3200,-8.282340,0.00000,0.0000,-3.9133,4.9133,0.00,0,0
534,5330,5.3300,-8.282340,0.00000,0.0000,-3.8339,4.8339,0.00,0,0
535,5340,5.3400,-8.282340,0.00000,0.0000,-3.6050,4.6050,0.00,0,0
536,5350,5.3500,-8.282340,0.00000,0.0000,-3.5134,4.5134,0.00,0,0
537,5360,5.3600,-8.282340,0.00000,0.0000,-3.1288,4.1288,0.00,0,0
538,5370,5.3700,-8.282340,0.00000,0.0000,-3.1227,4.1227,0.00,0,0
539,5380,5.3800,-8.282340,0.00000,0.0000,-2.7473,3.7473,0.00,0,0
540,5390,5.3900,-8.282340,0.00000,0.0000,-2.8388,3.8388,0.00,0,0
541,5400,5.4000,-8.282340,0.00000,0.0000,-2.6435,3.6435,0.00,0,0
542,5410,5.4100,-8.282340,0.00000,0.0000,-2.7015,3.7015,0.00,0,0
543,5420,5.4200,-8.282340,0.00000,0.0000,-2.5580,3.5580,0.00,0,0
544,5430,5.4300,-8.282340,0.00000,0.0000,-2.5549,3.5549,0.00,0,0
545,5440,5.4400,-8.282340,0.00000,0.0000,-2.5794,3.5794,0.00,0,0
546,5450,5.4500,-8.282340,0.00000,0.0000,-2.5519,3.5519,0.00,0,0
547,5460,5.4600,-8.282340,0.00000,0.0000,-2.6557,3.6557,0.00,0,0
548,5470,5.4700,-8.282340,0.00000,0.0000,-2.5855,3.5855,0.00,0,0
549,5480,5.4800,-8.282340,0.00000,0.0000,-2.5336,3.5336,0.00,0,0
550,5490,5.4900,-8.282340,0.00000,0.0000,-2.4023,3.4023,0.00,0,0
551,5500,5.5000,-8.282340,0.00000,0.0000,-2.5977,3.5977,0.00,0,0
552,5510,5.5100,-8.282340,0.00000,0.0000,-2.5000,3.5000,0.00,0,0
553,5520,5.5200,-8.282340,0.00000,0.0000,-2.4267,3.4267,0.00,0,0
554,5530,5.5300,-8.282340,0.00000,0.0000,-2.5031,3.5031,0.00,0,0
555,5540,5.5400,-8.282340,0.00000,0.0000,-2.4969,3.4969,0.00,0,0
556,5550,5.5500,-8.282340,0.00000,0.0000,-2.1459,3.1459,0.00,0,0
557,5560,5.5600,-8.282340,0.00000,0.0000,-2.1490,3.1490,0.00,0,0
558,5570,5.5700,-8.282340,0.00000,0.0000,-2.1795,3.1795,0.00,0,0
559,5580,5.5800,-8.282340,0.00000,0.0000,-2.0910,3.0910,0.00,0,0
560,5590,5.5900,-8.282340,0.00000,0.0000,-2.0055,3.0055,0.00,0,0
561,5600,5.6000,-8.282340,0.00000,0.0000,-2.2009,3.2009,0.00,0,0
562,5610,5.6100,-8.282340,0.00000,0.0000,-2.0421,3.0421,0.00,0,0
563,5620,5.6200,-8.282340,0.00000,0.0000,-2.4267,3.4267,0.00,0,0
564,5630,5.6300,-8.282340,0.00000,0.0000,-2.3046,3.3046,0.00,0,0
565,5640,5.6400,-8.282340,0.00000,0.0000,-2.5519,3.5519,0.00,0,0
566,5650,5.6500,-8.282340,0.00000,0.0000,-2.4664,3.4664,0.00,0,0
567,5660,5.6600,-8.282340,0.00000,0.0000,-2.5275,3.5275,0.00,0,0
568,5670,5.6700,-8.282340,0.00000,0.0000,-2.5366,3.5366,0.00,0,0
569,5680,5.6800,-8.282340,0.00000,0.0000,-2.4969,3.4969,0.00,0,0
570,5690,5.6900,-8.282340,0.00000,0.0000,-2.6343,3.6343,0.00,0,0
571,5700,5.7000,-8.282340,0.00000,0.0000,-2.6465,3.6465,0.00,0,0
572,5710,5.7100,-8.282340,0.00000,0.0000,-2.5092,3.5092,0.00,0,0
573,5720,5.7200,-8.282340,0.00000,0.0000,-2.6770,3.6770,0.00,0,0
574,5730,5.7300,-8.282340,0.00000,0.0000,-2.4451,3.4451,0.00,0,0
575,5740,5.7400,-8.282340,0.00000,0.0000,-2.6007,3.6007,0.00,0,0
576,5750,5.7500,-8.282340,0.00000,0.0000,-2.5122,3.5122,0.00,0,0
577,5760,5.7600,-8.282340,0.00000,0.0000,-2.6526,3.6526,0.00,0,0
578,5770,5.7700,-8.282340,0.00000,0.0000,-2.5855,3.5855,0.00,0,0
579,5780,5.7800,-8.282340,0.00000,0.0000,-2.5855,3.5855,0.00,0,0
580,5790,5.7900,-8.282340,0.00000,0.0000,-2.4359,3.4359,0.00,0,0
581,5800,5.8000,-8.282340,0.00000,0.0000,-2.5824,3.5824,0.00,0,0
582,5810,5.8100,-8.282340,0.00000,0.0000,-2.5305,3.5305,0.00,0,0
583,5820,5.8200,-8.282340,0.00000,0.0000,-2.6282,3.6282,0.00,0,0
584,5830,5.8300,-8.282340,0.00000,0.0000,-2.6618,3.6618,0.00,0,0
585,5840,5.8400,-8.282340,0.00000,0.0000,-2.5153,3.5153,0.00,0,0
586,5850,5.8500,-8.282340,0.00000,0.0000,-2.7167,3.7167,0.00,0,0
587,5860,5.8600,-8.282340,0.00000,0.0000,-2.5794,3.5794,0.00,0,0
588,5870,5.8700,-8.282340,0.00000,0.0000,-2.4512,3.4512,0.00,0,0
589,5880,5.8800,-8.282340,0.00000,0.0000,-2.6404,3.6404,0.00,0,0
590,5890,5.8900,-8.282340,0.00000,0.0000,-2.4634,3.4634,0.00,0,0
591,5900,5.9000,-8.282340,0.00000,0.0000,-2.6160,3.6160,0.00,0,0
592,5910,5.9100,-8.282340,0.00000,0.0000,-2.4969,3.4969,0.00,0,0
593,5920,5.9200,-8.282340,0.00000,0.0000,-2.6557,3.6557,0.00,0,0
594,5930,5.9300,-8.282340,0.00000,0.0100,-2.4176,3.4176,0.00,0,0
595,5940,5.9400,-8.282340,0.00020,0.0100,-2.5641,3.5641,0.00,0,0
596,5950,5.9500,-8.282340,0.00020,-0.0100,-2.5855,3.5855,0.00,0,0
597,5960,5.9600,-8.282340,0.00000,-0.0100,-2.5214,3.5214,0.00,0,0
598,5970,5.9700,-8.282340,0.00000,0.0000,-2.6404,3.6404,0.00,0,0
599,5980,5.9800,-8.282340,0.00000,0.0000,-2.4969,3.4969,0.00,0,0
