host_unix_s,t_rel_s,stream,duty,vbat,i_motor,i_in,enc_millis,enc_count,position_m,velocity_mps
1775847554.611798,0.0,enc,,,,,476008.0,17.0,0.00226,0.0
1775847554.61181,1.1920928955078125e-05,enc,,,,,476018.0,17.0,0.00226,0.0
1775847554.611812,1.4066696166992188e-05,enc,,,,,476028.0,17.0,0.00226,0.0
1775847554.611813,1.5020370483398438e-05,enc,,,,,476038.0,17.0,0.00226,0.0
1775847554.611815,1.6927719116210938e-05,enc,,,,,476048.0,17.0,0.00226,0.0
1775847554.6127229,0.0009248256683349609,enc,,,,,476068.0,17.0,0.00226,0.0
1775847554.612725,0.000926971435546875,enc,,,,,476078.0,17.0,0.00226,0.0
1775847554.612726,0.0009279251098632812,enc,,,,,476088.0,17.0,0.00226,0.0
1775847554.751606,0.13980793952941895,enc,,,,,476098.0,17.0,0.00226,0.0
1775847554.751619,0.13982105255126953,enc,,,,,476108.0,17.0,0.00226,0.0
1775847554.751621,0.13982295989990234,enc,,,,,476118.0,17.0,0.00226,0.0
1775847554.751624,0.13982605934143066,enc,,,,,476238.0,17.0,0.00226,0.0
1775847554.751625,0.13982701301574707,enc,,,,,476248.0,17.0,0.00226,0.0
1775847554.751626,0.13982796669006348,enc,,,,,476258.0,17.0,0.00226,0.0
1775847554.751628,0.1398298740386963,enc,,,,,476268.0,17.0,0.00226,0.0
1775847554.751629,0.1398310661315918,enc,,,,,476278.0,17.0,0.00226,0.0
1775847554.75163,0.1398320198059082,enc,,,,,476288.0,17.0,0.00226,0.0
1775847554.751631,0.1398329734802246,enc,,,,,476298.0,17.0,0.00226,0.0
1775847554.751633,0.13983488082885742,enc,,,,,476308.0,17.0,0.00226,0.0
1775847554.8711748,0.25937676429748535,enc,,,,,476328.0,17.0,0.00226,0.0
1775847554.87198,0.26018190383911133,enc,,,,,476348.0,17.0,0.00226,0.0
1775847554.871982,0.26018404960632324,enc,,,,,476358.0,17.0,0.00226,0.0
1775847554.871983,0.26018500328063965,enc,,,,,476368.0,17.0,0.00226,0.0
1775847554.871985,0.26018691062927246,enc,,,,,476438.0,17.0,0.00226,0.0
1775847554.871986,0.26018786430358887,enc,,,,,476448.0,17.0,0.00226,0.0
1775847555.009478,0.39768004417419434,enc,,,,,476458.0,17.0,0.00226,0.0
1775847555.0094929,0.39769482612609863,enc,,,,,476468.0,17.0,0.00226,0.0
1775847555.009495,0.39769697189331055,enc,,,,,476478.0,17.0,0.00226,0.0
1775847555.0094972,0.39769911766052246,enc,,,,,476488.0,17.0,0.00226,0.0
1775847555.009498,0.39769983291625977,enc,,,,,476498.0,17.0,0.00226,0.0
1775847555.0094998,0.3977017402648926,enc,,,,,476508.0,17.0,0.00226,0.0
1775847555.009501,0.3977029323577881,enc,,,,,476518.0,17.0,0.00226,0.0
1775847555.009503,0.3977048397064209,enc,,,,,476528.0,17.0,0.00226,0.0
1775847555.009505,0.3977069854736328,enc,,,,,476538.0,17.0,0.00226,0.0
1775847555.009506,0.3977079391479492,enc,,,,,476548.0,17.0,0.00226,0.0
1775847555.12869,0.5168919563293457,enc,,,,,476558.0,17.0,0.00226,0.0
1775847555.128748,0.5169498920440674,enc,,,,,476568.0,17.0,0.00226,0.0
1775847555.12875,0.5169520378112793,enc,,,,,476578.0,17.0,0.00226,0.0
1775847555.1287522,0.5169541835784912,enc,,,,,476588.0,18.0,0.00239,0.0133
1775847555.1296792,0.5178811550140381,enc,,,,,476608.0,18.0,0.00239,0.0
1775847555.12968,0.5178818702697754,enc,,,,,476618.0,18.0,0.00239,0.0
1775847555.268394,0.6565959453582764,enc,,,,,476628.0,18.0,0.00239,0.0
1775847555.268406,0.6566078662872314,enc,,,,,476638.0,18.0,0.00239,0.0
1775847555.268407,0.656609058380127,enc,,,,,476708.0,18.0,0.00239,0.0
1775847555.268408,0.6566100120544434,enc,,,,,476718.0,18.0,0.00239,0.0
1775847555.2684102,0.6566121578216553,enc,,,,,476728.0,18.0,0.00239,0.0
1775847555.268411,0.6566128730773926,enc,,,,,476738.0,18.0,0.00239,0.0
1775847555.268412,0.6566140651702881,enc,,,,,476748.0,18.0,0.00239,0.0
1775847555.2684128,0.6566147804260254,enc,,,,,476758.0,18.0,0.00239,0.0
1775847555.268415,0.6566169261932373,enc,,,,,476768.0,18.0,0.00239,0.0
1775847555.268416,0.6566178798675537,enc,,,,,476778.0,18.0,0.00239,0.0
1775847555.2684171,0.6566190719604492,enc,,,,,476788.0,18.0,0.00239,0.0
1775847555.268419,0.656620979309082,enc,,,,,476798.0,18.0,0.00239,0.0
1775847555.405911,0.7941129207611084,enc,,,,,476808.0,18.0,0.00239,0.0
1775847555.405928,0.7941298484802246,enc,,,,,476818.0,18.0,0.00239,0.0
1775847555.40593,0.7941319942474365,enc,,,,,476828.0,18.0,0.00239,0.0
1775847555.407671,0.7958729267120361,enc,,,,,476918.0,18.0,0.00239,0.0
1775847555.4076731,0.795875072479248,enc,,,,,476928.0,18.0,0.00239,0.0
1775847555.407674,0.7958760261535645,enc,,,,,476938.0,18.0,0.00239,0.0
1775847555.407676,0.7958779335021973,enc,,,,,476948.0,18.0,0.00239,0.0
1775847555.407677,0.7958788871765137,enc,,,,,476958.0,18.0,0.00239,0.0
1775847555.544152,0.9323539733886719,enc,,,,,476968.0,18.0,0.00239,0.0
1775847555.5441642,0.932366132736206,enc,,,,,476978.0,18.0,0.00239,0.0
1775847555.5441658,0.9323678016662598,enc,,,,,476988.0,18.0,0.00239,0.0
1775847555.544168,0.9323699474334717,enc,,,,,476998.0,18.0,0.00239,0.0
1775847555.544169,0.9323709011077881,enc,,,,,477008.0,18.0,0.00239,0.0
1775847555.54417,0.9323718547821045,enc,,,,,477018.0,18.0,0.00239,0.0
1775847555.544171,0.932373046875,enc,,,,,477028.0,18.0,0.00239,0.0
1775847555.544173,0.9323749542236328,enc,,,,,477038.0,18.0,0.00239,0.0
1775847555.682872,1.0710740089416504,enc,,,,,477058.0,18.0,0.00239,0.0
1775847555.682884,1.0710859298706055,enc,,,,,477128.0,18.0,0.00239,0.0
1775847555.682886,1.0710878372192383,enc,,,,,477138.0,18.0,0.00239,0.0
1775847555.6828868,1.0710887908935547,enc,,,,,477148.0,18.0,0.00239,0.0
1775847555.682888,1.0710899829864502,enc,,,,,477158.0,18.0,0.00239,0.0
1775847555.68289,1.071091890335083,enc,,,,,477168.0,18.0,0.00239,0.0
1775847555.682891,1.0710928440093994,enc,,,,,477178.0,18.0,0.00239,0.0
1775847555.682892,1.071094036102295,enc,,,,,477188.0,18.0,0.00239,0.0
1775847555.682893,1.0710949897766113,enc,,,,,477198.0,18.0,0.00239,0.0
1775847555.6828952,1.0710971355438232,enc,,,,,477208.0,18.0,0.00239,0.0
1775847555.682896,1.0710978507995605,enc,,,,,477218.0,18.0,0.00239,0.0
1775847555.6828969,1.071098804473877,enc,,,,,477228.0,18.0,0.00239,0.0
1775847555.82009,1.208292007446289,enc,,,,,477238.0,18.0,0.00239,0.0
1775847555.820103,1.2083048820495605,enc,,,,,477248.0,18.0,0.00239,0.0
1775847555.8212302,1.2094321250915527,enc,,,,,477268.0,18.0,0.00239,0.0
1775847555.8216078,1.2098097801208496,enc,,,,,477338.0,19.0,0.00253,0.0
1775847555.821609,1.2098109722137451,enc,,,,,477348.0,19.0,0.00253,0.0
1775847555.82161,1.2098119258880615,enc,,,,,477358.0,19.0,0.00253,0.0
1775847555.961405,1.349606990814209,enc,,,,,477368.0,19.0,0.00253,0.0
1775847555.96142,1.3496220111846924,enc,,,,,477378.0,19.0,0.00253,0.0
1775847555.961422,1.3496239185333252,enc,,,,,477388.0,19.0,0.00253,0.0
1775847555.962613,1.3508150577545166,enc,,,,,477408.0,19.0,0.00253,0.0
1775847555.962615,1.3508169651031494,enc,,,,,477418.0,19.0,0.00253,0.0
1775847555.962616,1.3508179187774658,enc,,,,,477428.0,19.0,0.00253,0.0
1775847555.962618,1.3508200645446777,enc,,,,,477438.0,19.0,0.00253,0.0
1775847555.9626188,1.350820779800415,enc,,,,,477448.0,19.0,0.00253,0.0
1775847555.96262,1.3508219718933105,enc,,,,,477458.0,19.0,0.00253,0.0
1775847556.099804,1.4880058765411377,enc,,,,,477558.0,19.0,0.00253,0.0
1775847556.099817,1.4880189895629883,enc,,,,,477568.0,19.0,0.00253,0.0
1775847556.099818,1.4880199432373047,enc,,,,,477578.0,19.0,0.00253,0.0
1775847556.09982,1.4880218505859375,enc,,,,,477588.0,20.0,0.00266,0.0133
1775847556.099821,1.488023042678833,enc,,,,,477598.0,20.0,0.00266,0.0
1775847556.099823,1.4880249500274658,enc,,,,,477608.0,20.0,0.00266,0.0
1775847556.0998242,1.4880261421203613,enc,,,,,477618.0,20.0,0.00266,0.0
1775847556.099825,1.4880268573760986,enc,,,,,477628.0,20.0,0.00266,0.0
1775847556.099827,1.4880290031433105,enc,,,,,477638.0,20.0,0.00266,0.0
1775847556.099828,1.488029956817627,enc,,,,,477648.0,20.0,0.00266,0.0
1775847556.099829,1.4880309104919434,enc,,,,,477658.0,20.0,0.00266,0.0
1775847556.233707,1.6219089031219482,enc,,,,,477668.0,20.0,0.00266,0.0
1775847556.234613,1.6228148937225342,enc,,,,,477688.0,20.0,0.00266,0.0
1775847556.234615,1.622817039489746,enc,,,,,477698.0,20.0,0.00266,0.0
1775847556.234616,1.6228179931640625,enc,,,,,477708.0,20.0,0.00266,0.0
1775847556.234617,1.622818946838379,enc,,,,,477718.0,20.0,0.00266,0.0
1775847556.2346182,1.6228201389312744,enc,,,,,477788.0,20.0,0.00266,0.0
1775847556.372871,1.7610728740692139,enc,,,,,477798.0,20.0,0.00266,0.0
1775847556.3728828,1.761084794998169,enc,,,,,477808.0,20.0,0.00266,0.0
1775847556.372884,1.7610859870910645,enc,,,,,477818.0,20.0,0.00266,0.0
1775847556.372886,1.7610878944396973,enc,,,,,477828.0,20.0,0.00266,0.0
1775847556.3728871,1.7610890865325928,enc,,,,,477838.0,20.0,0.00266,0.0
1775847556.372888,1.7610900402069092,enc,,,,,477848.0,20.0,0.00266,0.0
1775847556.37289,1.761091947555542,enc,,,,,477858.0,20.0,0.00266,0.0
1775847556.372891,1.7610929012298584,enc,,,,,477868.0,20.0,0.00266,0.0
1775847556.372892,1.7610938549041748,enc,,,,,477878.0,20.0,0.00266,0.0
1775847556.372894,1.7610960006713867,enc,,,,,477888.0,20.0,0.00266,0.0
1775847556.372895,1.7610969543457031,enc,,,,,477898.0,20.0,0.00266,0.0
1775847556.372896,1.7610979080200195,enc,,,,,477908.0,20.0,0.00266,0.0
1775847556.372898,1.7611000537872314,enc,,,,,477918.0,20.0,0.00266,0.0
1775847556.508766,1.896967887878418,enc,,,,,477928.0,20.0,0.00266,0.0
1775847556.508779,1.8969810009002686,enc,,,,,477938.0,20.0,0.00266,0.0
1775847556.5104032,1.8986051082611084,enc,,,,,478028.0,20.0,0.00266,0.0
1775847556.510405,1.8986070156097412,enc,,,,,478038.0,21.0,0.00279,0.0133
1775847556.5104058,1.8986077308654785,enc,,,,,478048.0,22.0,0.00293,0.0133
1775847556.510408,1.8986098766326904,enc,,,,,478058.0,24.0,0.00319,0.0266
1775847556.5104089,1.8986108303070068,enc,,,,,478068.0,28.0,0.00372,0.0532
1775847556.649895,2.0380969047546387,enc,,,,,478078.0,31.0,0.00412,0.0399
1775847556.649908,2.0381100177764893,enc,,,,,478088.0,36.0,0.00479,0.0665
1775847556.649911,2.0381128787994385,enc,,,,,478098.0,46.0,0.00612,0.133
1775847556.649913,2.0381150245666504,enc,,,,,478108.0,61.0,0.00811,0.1995
1775847556.649914,2.038115978240967,enc,,,,,478118.0,79.0,0.01051,0.2394
1775847556.649916,2.0381178855895996,enc,,,,,478128.0,98.0,0.01303,0.2527
1775847556.6499178,2.0381197929382324,enc,,,,,478138.0,122.0,0.01623,0.3192
1775847556.649919,2.038120985031128,enc,,,,,478148.0,149.0,0.01982,0.3591
1775847556.6507509,2.0389528274536133,enc,,,,,478168.0,211.0,0.02806,0.4256
1775847556.650752,2.038954019546509,enc,,,,,478178.0,247.0,0.03285,0.4788
1775847556.7863512,2.174553155899048,enc,,,,,478188.0,286.0,0.03804,0.5187
1775847556.7863622,2.1745641231536865,enc,,,,,478198.0,328.0,0.04362,0.5586
1775847556.7863638,2.1745657920837402,enc,,,,,478208.0,369.0,0.04907,0.5453
1775847556.786365,2.1745669841766357,enc,,,,,478218.0,414.0,0.05506,0.5985
1775847556.786367,2.1745688915252686,enc,,,,,478228.0,459.0,0.06104,0.5985
1775847556.786368,2.174569845199585,enc,,,,,478298.0,825.0,0.10972,0.7315
1775847556.786369,2.1745710372924805,enc,,,,,478308.0,878.0,0.11677,0.7049
1775847556.78637,2.174571990966797,enc,,,,,478318.0,934.0,0.12422,0.7448
1775847556.924875,2.313076972961426,enc,,,,,478328.0,989.0,0.13153,0.7315
1775847556.924884,2.3130860328674316,enc,,,,,478338.0,1045.0,0.13898,0.7448
1775847556.924885,2.313086986541748,enc,,,,,478348.0,1102.0,0.14656,0.7581
1775847556.924887,2.313088893890381,enc,,,,,478358.0,1160.0,0.15427,0.7714
1775847556.9255948,2.3137967586517334,enc,,,,,478378.0,1281.0,0.17037,0.8113
1775847556.925597,2.3137989044189453,enc,,,,,478388.0,1341.0,0.17835,0.798
1775847556.925598,2.3137998580932617,enc,,,,,478398.0,1400.0,0.18619,0.7847
1775847556.9255989,2.313800811767578,enc,,,,,478408.0,1457.0,0.19377,0.7581
1775847556.925601,2.31380295753479,enc,,,,,478418.0,1516.0,0.20162,0.7847
1775847557.061106,2.449307918548584,enc,,,,,478508.0,2062.0,0.27423,0.7714
1775847557.061118,2.449319839477539,enc,,,,,478518.0,2122.0,0.28221,0.798
1775847557.06112,2.449321985244751,enc,,,,,478528.0,2182.0,0.29019,0.798
1775847557.061121,2.4493229389190674,enc,,,,,478538.0,2244.0,0.29844,0.8246
1775847557.061122,2.449323892593384,enc,,,,,478548.0,2306.0,0.30668,0.8246
1775847557.061124,2.4493260383605957,enc,,,,,478558.0,2369.0,0.31506,0.8379
1775847557.061125,2.449326992034912,enc,,,,,478568.0,2430.0,0.32318,0.8113
1775847557.061126,2.4493279457092285,enc,,,,,478578.0,2490.0,0.33116,0.798
1775847557.061127,2.449328899383545,enc,,,,,478588.0,2549.0,0.339,0.7847
1775847557.178872,2.5670740604400635,enc,,,,,478598.0,2609.0,0.34698,0.798
1775847557.178924,2.5671260356903076,enc,,,,,478608.0,2668.0,0.35483,0.7847
1775847557.178926,2.5671279430389404,enc,,,,,478618.0,2729.0,0.36294,0.8113
1775847557.178928,2.5671298503875732,enc,,,,,478628.0,2789.0,0.37092,0.798
1775847557.179732,2.567934036254883,enc,,,,,478648.0,2915.0,0.38768,0.8246
1775847557.179733,2.567934989929199,enc,,,,,478658.0,2976.0,0.39579,0.8113
1775847557.179734,2.5679359436035156,enc,,,,,478668.0,3035.0,0.40364,0.7847
1775847557.179736,2.5679378509521484,enc,,,,,478678.0,3095.0,0.41162,0.798
1775847557.3138108,2.702012777328491,enc,,,,,478778.0,3696.0,0.49155,0.798
1775847557.313823,2.7020249366760254,enc,,,,,478788.0,3754.0,0.49926,0.7714
1775847557.313824,2.702025890350342,enc,,,,,478798.0,3814.0,0.50724,0.798
1775847557.3138251,2.7020270824432373,enc,,,,,478808.0,3876.0,0.51549,0.8246
1775847557.313826,2.7020280361175537,enc,,,,,478818.0,3938.0,0.52373,0.8246
1775847557.313828,2.7020299434661865,enc,,,,,478828.0,4000.0,0.53198,0.8246
1775847557.3138292,2.702031135559082,enc,,,,,478838.0,4061.0,0.54009,0.8113
1775847557.31383,2.7020318508148193,enc,,,,,478848.0,4118.0,0.54767,0.7581
1775847557.3138309,2.7020328044891357,enc,,,,,478858.0,4176.0,0.55538,0.7714
1775847557.313833,2.7020349502563477,enc,,,,,478868.0,4234.0,0.5631,0.7714
1775847557.4301271,2.818329095840454,enc,,,,,478878.0,4295.0,0.57121,0.8113
1775847557.430135,2.8183369636535645,enc,,,,,478888.0,4355.0,0.57919,0.798
1775847557.430136,2.818337917327881,enc,,,,,478898.0,4417.0,0.58743,0.8246
1775847557.430847,2.8190488815307617,enc,,,,,478918.0,4538.0,0.60353,0.8113
1775847557.430848,2.819049835205078,enc,,,,,478928.0,4597.0,0.61137,0.7847
1775847557.430849,2.8190510272979736,enc,,,,,478938.0,4656.0,0.61922,0.7847
1775847557.430851,2.8190529346466064,enc,,,,,478948.0,4713.0,0.6268,0.7581
1775847557.566899,2.9551010131835938,enc,,,,,478958.0,4771.0,0.63451,0.7714
1775847557.566911,2.955112934112549,enc,,,,,478968.0,4830.0,0.64236,0.7847
1775847557.5669131,2.9551150798797607,enc,,,,,478978.0,4890.0,0.65034,0.798
1775847557.566915,2.9551169872283936,enc,,,,,479048.0,5307.0,0.7058,0.7847
1775847557.5669172,2.9551191329956055,enc,,,,,479058.0,5367.0,0.71378,0.798
1775847557.566918,2.9551198482513428,enc,,,,,479068.0,5428.0,0.72189,0.8113
1775847557.56692,2.9551219940185547,enc,,,,,479078.0,5490.0,0.73014,0.8246
1775847557.566921,2.955122947692871,enc,,,,,479088.0,5552.0,0.73838,0.8246
1775847557.566923,2.955124855041504,enc,,,,,479098.0,5613.0,0.7465,0.8113
1775847557.566924,2.9551260471343994,enc,,,,,479108.0,5671.0,0.75421,0.7714
1775847557.566925,2.955127000808716,enc,,,,,479118.0,5729.0,0.76192,0.7714
1775847557.566926,2.9551279544830322,enc,,,,,479128.0,5788.0,0.76977,0.7847
1775847557.683255,3.0714569091796875,enc,,,,,479138.0,5847.0,0.77762,0.7847
1775847557.684133,3.0723350048065186,enc,,,,,479158.0,5968.0,0.79371,0.8246
1775847557.684135,3.0723369121551514,enc,,,,,479168.0,6030.0,0.80195,0.8246
1775847557.684136,3.0723378658294678,enc,,,,,479178.0,6093.0,0.81033,0.8379
1775847557.684138,3.0723400115966797,enc,,,,,479188.0,6153.0,0.81831,0.798
1775847557.684139,3.072340965270996,enc,,,,,479198.0,6213.0,0.82629,0.798
1775847557.822848,3.211050033569336,enc,,,,,479208.0,6272.0,0.83414,0.7847
1775847557.82286,3.211061954498291,enc,,,,,479218.0,6330.0,0.84185,0.7714
1775847557.822862,3.211063861846924,enc,,,,,479228.0,6389.0,0.8497,0.7847
1775847557.822863,3.2110650539398193,enc,,,,,479238.0,6450.0,0.85781,0.8113
1775847557.822865,3.211066961288452,enc,,,,,479248.0,6512.0,0.86606,0.8246
1775847557.822866,3.2110679149627686,enc,,,,,479318.0,6935.0,0.92231,0.798
1775847557.822867,3.211068868637085,enc,,,,,479328.0,6995.0,0.93029,0.798
1775847557.822868,3.2110700607299805,enc,,,,,479338.0,7057.0,0.93854,0.8246
1775847557.822869,3.211071014404297,enc,,,,,479348.0,7118.0,0.94665,0.8113
1775847557.822871,3.2110729217529297,enc,,,,,479358.0,7180.0,0.9549,0.8246
1775847557.8228722,3.211074113845825,enc,,,,,479368.0,7240.0,0.96288,0.798
1775847557.822873,3.2110750675201416,enc,,,,,479378.0,7300.0,0.97086,0.798
1775847557.940776,3.3289780616760254,enc,,,,,479388.0,7358.0,0.97857,0.7714
1775847557.940785,3.328986883163452,enc,,,,,479398.0,7417.0,0.98642,0.7847
1775847557.9407868,3.328988790512085,enc,,,,,479408.0,7476.0,0.99426,0.7847
1775847557.941449,3.32965087890625,enc,,,,,479428.0,7598.0,1.01049,0.8113
1775847557.94145,3.3296520709991455,enc,,,,,479438.0,7660.0,1.01873,0.8246
1775847557.941451,3.329653024673462,enc,,,,,479448.0,7722.0,1.02698,0.8246
1775847557.941453,3.3296549320220947,enc,,,,,479458.0,7783.0,1.03509,0.8113
1775847557.9414542,3.3296561241149902,enc,,,,,479468.0,7843.0,1.04307,0.798
1775847558.0776892,3.465891122817993,enc,,,,,479478.0,7903.0,1.05105,0.798
1775847558.077704,3.4659059047698975,enc,,,,,479488.0,7961.0,1.05877,0.7714
1775847558.077706,3.4659080505371094,enc,,,,,479498.0,8020.0,1.06661,0.7847
1775847558.077707,3.465909004211426,enc,,,,,479508.0,8080.0,1.07459,0.798
1775847558.077709,3.4659109115600586,enc,,,,,479518.0,8143.0,1.08297,0.8379
1775847558.0777102,3.465912103652954,enc,,,,,479588.0,8565.0,1.13909,0.7847
1775847558.0777118,3.465913772583008,enc,,,,,479598.0,8626.0,1.14721,0.8113
1775847558.077713,3.4659149646759033,enc,,,,,479608.0,8689.0,1.15559,0.8379
1775847558.077714,3.4659159183502197,enc,,,,,479618.0,8752.0,1.16396,0.8379
1775847558.077715,3.465916872024536,enc,,,,,479628.0,8815.0,1.17234,0.8379
1775847558.077716,3.4659180641174316,enc,,,,,479638.0,8876.0,1.18046,0.8113
1775847558.195158,3.583359956741333,enc,,,,,479648.0,8935.0,1.1883,0.7847
1775847558.1959722,3.584174156188965,enc,,,,,479668.0,9052.0,1.20386,0.7847
1775847558.1959732,3.5841751098632812,enc,,,,,479678.0,9113.0,1.21198,0.8113
1775847558.195974,3.5841760635375977,enc,,,,,479688.0,9174.0,1.22009,0.8113
1775847558.330225,3.7184269428253174,enc,,,,,479698.0,9236.0,1.22833,0.8246
1775847558.33024,3.718441963195801,enc,,,,,479708.0,9298.0,1.23658,0.8246
1775847558.3302422,3.7184441089630127,enc,,,,,479718.0,9359.0,1.24469,0.8113
1775847558.330244,3.7184460163116455,enc,,,,,479728.0,9418.0,1.25254,0.7847
1775847558.330245,3.718446969985962,enc,,,,,479738.0,9477.0,1.26038,0.7847
1775847558.330247,3.7184488773345947,enc,,,,,479748.0,9535.0,1.2681,0.7714
1775847558.330248,3.7184500694274902,enc,,,,,479758.0,9594.0,1.27595,0.7847
1775847558.330249,3.7184510231018066,enc,,,,,479768.0,9654.0,1.28392,0.798
1775847558.330251,3.7184529304504395,enc,,,,,479778.0,9714.0,1.2919,0.798
1775847558.451287,3.839488983154297,enc,,,,,479788.0,9775.0,1.30002,0.8113
1775847558.451296,3.8394980430603027,enc,,,,,479888.0,10380.0,1.38048,0.8246
1775847558.451298,3.8394999504089355,enc,,,,,479898.0,10441.0,1.38859,0.8113
1775847558.4512992,3.839501142501831,enc,,,,,479908.0,10499.0,1.3963,0.7714
1775847558.4513,3.8395018577575684,enc,,,,,479918.0,10557.0,1.40402,0.7714
1775847558.452373,3.8405749797821045,enc,,,,,479938.0,10675.0,1.41971,0.7847
1775847558.452374,3.840575933456421,enc,,,,,479948.0,10734.0,1.42756,0.7847
1775847558.587264,3.975466012954712,enc,,,,,479958.0,10796.0,1.4358,0.8246
1775847558.587281,3.975482940673828,enc,,,,,480038.0,11276.0,1.49964,0.8113
1775847558.587283,3.975484848022461,enc,,,,,480048.0,11337.0,1.50775,0.8113
1775847558.5872838,3.9754858016967773,enc,,,,,480058.0,11400.0,1.51613,0.8379
1775847558.587286,3.9754879474639893,enc,,,,,480068.0,11462.0,1.52438,0.8246
1775847558.587287,3.9754889011383057,enc,,,,,480078.0,11523.0,1.53249,0.8113
1775847558.587288,3.975489854812622,enc,,,,,480088.0,11581.0,1.5402,0.7714
1775847558.587289,3.9754910469055176,enc,,,,,480098.0,11639.0,1.54792,0.7714
1775847558.58729,3.975492000579834,enc,,,,,480108.0,11696.0,1.5555,0.7581
1775847558.7030752,4.091277122497559,enc,,,,,480118.0,11756.0,1.56348,0.798
1775847558.703089,4.0912909507751465,enc,,,,,480128.0,11815.0,1.57133,0.7847
1775847558.703091,4.091292858123779,enc,,,,,480138.0,11876.0,1.57944,0.8113
1775847558.703092,4.091294050216675,enc,,,,,480148.0,11937.0,1.58755,0.8113
1775847558.703093,4.091295003890991,enc,,,,,480158.0,11998.0,1.59566,0.8113
1775847558.704403,4.092604875564575,enc,,,,,480258.0,12594.0,1.67493,0.798
1775847558.839196,4.227397918701172,enc,,,,,480268.0,12654.0,1.68291,0.798
1775847558.839208,4.227409839630127,enc,,,,,480278.0,12713.0,1.69075,0.7847
1775847558.83921,4.227411985397339,enc,,,,,480288.0,12771.0,1.69847,0.7714
1775847558.839212,4.227413892745972,enc,,,,,480298.0,12830.0,1.70631,0.7847
1775847558.8392131,4.227415084838867,enc,,,,,480308.0,12889.0,1.71416,0.7847
1775847558.839215,4.2274169921875,enc,,,,,480318.0,12950.0,1.72227,0.8113
1775847558.8392162,4.2274181842803955,enc,,,,,480328.0,13012.0,1.73052,0.8246
1775847558.839218,4.227419853210449,enc,,,,,480338.0,13074.0,1.73876,0.8246
1775847558.8392189,4.227420806884766,enc,,,,,480348.0,13135.0,1.74688,0.8113
1775847558.83922,4.227421998977661,enc,,,,,480358.0,13195.0,1.75486,0.798
1775847558.839222,4.227423906326294,enc,,,,,480368.0,13253.0,1.76257,0.7714
1775847558.8392231,4.2274250984191895,enc,,,,,480378.0,13311.0,1.77028,0.7714
1775847558.958314,4.346515893936157,enc,,,,,480391.0,13388.0,1.78052,0.7877
1775847558.9583218,4.346523761749268,enc,,,,,480401.0,13449.0,1.78864,0.8113
1775847558.959084,4.347285985946655,enc,,,,,480421.0,13573.0,1.80513,0.8246
1775847558.959085,4.347286939620972,enc,,,,,480431.0,13635.0,1.81337,0.8246
1775847559.093052,4.4812538623809814,enc,,,,,480441.0,13695.0,1.82135,0.798
1775847559.0930738,4.481275796890259,enc,,,,,480531.0,14237.0,1.89344,0.798
1775847559.093075,4.481276988983154,enc,,,,,480541.0,14295.0,1.90115,0.7714
1775847559.093077,4.481278896331787,enc,,,,,480551.0,14353.0,1.90886,0.7714
1775847559.093078,4.4812798500061035,enc,,,,,480561.0,14412.0,1.91671,0.7847
1775847559.093079,4.481281042098999,enc,,,,,480571.0,14471.0,1.92456,0.7847
1775847559.093554,4.481755971908569,enc,,,,,480581.0,14532.0,1.93267,0.8113
1775847559.093555,4.481756925582886,enc,,,,,480591.0,14594.0,1.94092,0.8246
1775847559.232221,4.620422840118408,enc,,,,,480691.0,15201.0,2.02164,0.8246
1775847559.23223,4.620431900024414,enc,,,,,480701.0,15261.0,2.02962,0.798
1775847559.232232,4.620434045791626,enc,,,,,480711.0,15321.0,2.0376,0.798
1775847559.232233,4.620434999465942,enc,,,,,480721.0,15379.0,2.04532,0.7714
1775847559.232234,4.620435953140259,enc,,,,,480731.0,15439.0,2.0533,0.798
1775847559.232236,4.620437860488892,enc,,,,,480741.0,15498.0,2.06114,0.7847
1775847559.232237,4.620439052581787,enc,,,,,480751.0,15559.0,2.06925,0.8112
1775847559.367713,4.755914926528931,enc,,,,,480761.0,15621.0,2.0775,0.8246
1775847559.3677251,4.755927085876465,enc,,,,,480771.0,15684.0,2.08588,0.8379
1775847559.367727,4.755928993225098,enc,,,,,480781.0,15746.0,2.09412,0.8245
1775847559.3677282,4.755930185317993,enc,,,,,480791.0,15807.0,2.10224,0.8113
1775847559.36773,4.755931854248047,enc,,,,,480801.0,15867.0,2.11022,0.798
1775847559.367732,4.755934000015259,enc,,,,,480811.0,15926.0,2.11806,0.7847
1775847559.367733,4.755934953689575,enc,,,,,480821.0,15985.0,2.12591,0.7847
1775847559.3677351,4.755937099456787,enc,,,,,480831.0,16045.0,2.13389,0.798
1775847559.367736,4.7559380531311035,enc,,,,,480841.0,16105.0,2.14187,0.798
1775847559.367738,4.755939960479736,enc,,,,,480851.0,16167.0,2.15012,0.8246
1775847559.367739,4.755940914154053,enc,,,,,480861.0,16229.0,2.15836,0.8245
1775847559.36774,4.755941867828369,enc,,,,,480941.0,16710.0,2.22233,0.8113
1775847559.485536,4.873738050460815,enc,,,,,480961.0,16834.0,2.23882,0.8113
1775847559.485545,4.873746871948242,enc,,,,,480971.0,16894.0,2.2468,0.798
1775847559.485546,4.873748064041138,enc,,,,,480981.0,16953.0,2.25465,0.7847
1775847559.485548,4.8737499713897705,enc,,,,,480991.0,17012.0,2.2625,0.7847
1775847559.485549,4.873750925064087,enc,,,,,481001.0,17071.0,2.27034,0.7847
1775847559.4855502,4.873752117156982,enc,,,,,481011.0,17131.0,2.27832,0.798
1775847559.624555,5.012757062911987,enc,,,,,481021.0,17191.0,2.2863,0.798
1775847559.624568,5.012769937515259,enc,,,,,481031.0,17252.0,2.29441,0.8113
1775847559.62457,5.012771844863892,enc,,,,,481041.0,17314.0,2.30266,0.8245
1775847559.6245708,5.012772798538208,enc,,,,,481051.0,17375.0,2.31077,0.8113
1775847559.624573,5.01277494430542,enc,,,,,481061.0,17436.0,2.31888,0.8113
1775847559.624574,5.012775897979736,enc,,,,,481071.0,17497.0,2.327,0.8113
1775847559.624575,5.012776851654053,enc,,,,,481081.0,17555.0,2.33471,0.7714
1775847559.625021,5.013222932815552,enc,,,,,481091.0,17614.0,2.34256,0.7847
1775847559.625022,5.013223886489868,enc,,,,,481101.0,17671.0,2.35014,0.7581
1775847559.625025,5.0132269859313965,enc,,,,,481191.0,18211.0,2.42196,0.7847
1775847559.7624729,5.150674819946289,enc,,,,,481201.0,18271.0,2.42993,0.798
1775847559.762487,5.150688886642456,enc,,,,,481211.0,18333.0,2.43818,0.8246
1775847559.76327,5.151471853256226,enc,,,,,481231.0,18457.0,2.45467,0.8246
1775847559.7636092,5.151811122894287,enc,,,,,481241.0,18516.0,2.46252,0.7847
1775847559.76361,5.151811838150024,enc,,,,,481251.0,18575.0,2.47037,0.7847
1775847559.7636108,5.151812791824341,enc,,,,,481261.0,18632.0,2.47795,0.7581
1775847559.763613,5.151814937591553,enc,,,,,481271.0,18691.0,2.48579,0.7847
1775847559.763614,5.151815891265869,enc,,,,,481281.0,18750.0,2.49364,0.7847
1775847559.763615,5.1518168449401855,enc,,,,,481291.0,18811.0,2.50175,0.8112
1775847559.897488,5.285690069198608,enc,,,,,481301.0,18872.0,2.50986,0.8113
1775847559.8974988,5.285700798034668,enc,,,,,481311.0,18933.0,2.51798,0.8113
1775847559.897501,5.28570294380188,enc,,,,,481321.0,18993.0,2.52596,0.798
1775847559.897502,5.285703897476196,enc,,,,,481331.0,19053.0,2.53394,0.798
1775847559.897504,5.285706043243408,enc,,,,,481341.0,19111.0,2.54165,0.7714
1775847559.897505,5.285706996917725,enc,,,,,481351.0,19169.0,2.54936,0.7714
1775847559.8975072,5.2857091426849365,enc,,,,,481361.0,19227.0,2.55708,0.7714
1775847559.897508,5.285709857940674,enc,,,,,481371.0,19286.0,2.56492,0.7847
1775847559.8975098,5.285711765289307,enc,,,,,481381.0,19345.0,2.57277,0.7847
1775847559.897511,5.285712957382202,enc,,,,,481391.0,19407.0,2.58102,0.8246
1775847560.015326,5.4035279750823975,enc,,,,,481491.0,20009.0,2.66108,0.8246
1775847560.015337,5.403538942337036,enc,,,,,481501.0,20069.0,2.66906,0.798
1775847560.015339,5.403540849685669,enc,,,,,481511.0,20128.0,2.6769,0.7847
1775847560.01534,5.4035420417785645,enc,,,,,481521.0,20186.0,2.68462,0.7714
1775847560.015342,5.403543949127197,enc,,,,,481531.0,20246.0,2.6926,0.798
1775847560.0153432,5.403545141220093,enc,,,,,481541.0,20305.0,2.70044,0.7847
1775847560.015344,5.40354585647583,enc,,,,,481551.0,20365.0,2.70842,0.798
1775847560.0153449,5.4035468101501465,enc,,,,,481561.0,20426.0,2.71654,0.8113
1775847560.015347,5.403548955917358,enc,,,,,481571.0,20489.0,2.72492,0.8379
1775847560.151079,5.539280891418457,enc,,,,,481581.0,20549.0,2.7329,0.798
1775847560.151093,5.539294958114624,enc,,,,,481591.0,20611.0,2.74114,0.8246
1775847560.151479,5.5396809577941895,enc,,,,,481601.0,20670.0,2.74899,0.7847
1775847560.151785,5.539986848831177,enc,,,,,481621.0,20787.0,2.76455,0.7714
1775847560.151786,5.539988040924072,enc,,,,,481631.0,20846.0,2.77239,0.7847
1775847560.151788,5.539989948272705,enc,,,,,481641.0,20906.0,2.78037,0.798
1775847560.151789,5.5399909019470215,enc,,,,,481651.0,20968.0,2.78862,0.8246
1775847560.15179,5.539991855621338,enc,,,,,481661.0,21030.0,2.79687,0.8246
1775847560.284972,5.673173904418945,enc,,,,,481671.0,21093.0,2.80524,0.8379
1775847560.284984,5.6731860637664795,enc,,,,,481761.0,21634.0,2.87719,0.8246
1775847560.284985,5.673187017440796,enc,,,,,481771.0,21695.0,2.88531,0.8112
1775847560.284987,5.673188924789429,enc,,,,,481781.0,21754.0,2.89315,0.7847
1775847560.284988,5.673189878463745,enc,,,,,481791.0,21813.0,2.901,0.7847
1775847560.2849889,5.6731908321380615,enc,,,,,481801.0,21872.0,2.90885,0.7847
1775847560.2849898,5.673191785812378,enc,,,,,481811.0,21932.0,2.91683,0.798
1775847560.420694,5.808896064758301,enc,,,,,481821.0,21992.0,2.92481,0.798
1775847560.420758,5.8089599609375,enc,,,,,481831.0,22054.0,2.93305,0.8246
1775847560.420761,5.808963060379028,enc,,,,,481841.0,22115.0,2.94116,0.8113
1775847560.4207628,5.808964729309082,enc,,,,,481851.0,22177.0,2.94941,0.8246
1775847560.420764,5.8089659214019775,enc,,,,,481861.0,22238.0,2.95752,0.8112
1775847560.420766,5.8089680671691895,enc,,,,,481871.0,22299.0,2.96564,0.8113
1775847560.421525,5.80972695350647,enc,,,,,481971.0,22903.0,3.04596,0.7847
1775847560.557497,5.945698976516724,enc,,,,,481981.0,22961.0,3.05368,0.7714
1775847560.5575092,5.945711135864258,enc,,,,,481991.0,23020.0,3.06152,0.7847
1775847560.5575109,5.9457128047943115,enc,,,,,482001.0,23080.0,3.0695,0.798
1775847560.557512,5.945713996887207,enc,,,,,482011.0,23142.0,3.07775,0.8246
1775847560.557513,5.945714950561523,enc,,,,,482021.0,23205.0,3.08613,0.8379
1775847560.557514,5.94571590423584,enc,,,,,482031.0,23268.0,3.09451,0.8379
1775847560.557516,5.945718050003052,enc,,,,,482041.0,23328.0,3.10249,0.798
1775847560.557517,5.945719003677368,enc,,,,,482051.0,23389.0,3.1106,0.8112
1775847560.69346,6.081661939620972,enc,,,,,482061.0,23448.0,3.11845,0.7847
1775847560.693472,6.081673860549927,enc,,,,,482071.0,23507.0,3.12629,0.7847
1775847560.693474,6.081676006317139,enc,,,,,482081.0,23567.0,3.13427,0.798
1775847560.6934762,6.081678152084351,enc,,,,,482091.0,23627.0,3.14225,0.798
1775847560.6934772,6.081679105758667,enc,,,,,482101.0,23688.0,3.15036,0.8113
1775847560.6934788,6.081680774688721,enc,,,,,482111.0,23750.0,3.15861,0.8246
1775847560.69348,6.081681966781616,enc,,,,,482121.0,23811.0,3.16672,0.8113
1775847560.693482,6.081683874130249,enc,,,,,482211.0,24353.0,3.23881,0.8246
1775847560.693484,6.081686019897461,enc,,,,,482221.0,24412.0,3.24665,0.7847
1775847560.693485,6.081686973571777,enc,,,,,482231.0,24471.0,3.2545,0.7847
1775847560.693486,6.081687927246094,enc,,,,,482241.0,24529.0,3.26221,0.7714
1775847560.827161,6.215363025665283,enc,,,,,482251.0,24587.0,3.26993,0.7714
1775847560.8271732,6.215375185012817,enc,,,,,482261.0,24647.0,3.27791,0.798
1775847560.827175,6.215376853942871,enc,,,,,482271.0,24709.0,3.28615,0.8246
1775847560.827176,6.215378046035767,enc,,,,,482281.0,24770.0,3.29426,0.8113
1775847560.827177,6.215378999710083,enc,,,,,482291.0,24832.0,3.30251,0.8245
1775847560.827178,6.215379953384399,enc,,,,,482301.0,24892.0,3.31049,0.798
1775847560.82718,6.215381860733032,enc,,,,,482311.0,24951.0,3.31834,0.7847
1775847560.827181,6.215383052825928,enc,,,,,482321.0,25010.0,3.32618,0.7847
1775847560.827182,6.215384006500244,enc,,,,,482331.0,25069.0,3.33403,0.7847
1775847560.943588,6.331789970397949,enc,,,,,482341.0,25128.0,3.34188,0.7847
1775847560.943598,6.3317999839782715,enc,,,,,482351.0,25188.0,3.34985,0.798
1775847560.9436002,6.331802129745483,enc,,,,,482361.0,25248.0,3.35783,0.798
1775847560.943601,6.331802845001221,enc,,,,,482371.0,25310.0,3.36608,0.8246
1775847560.943603,6.331804990768433,enc,,,,,482381.0,25371.0,3.37419,0.8113
1775847560.943604,6.331805944442749,enc,,,,,482391.0,25432.0,3.38231,0.8113
1775847560.943608,6.331809997558594,enc,,,,,482481.0,25970.0,3.45386,0.8113
1775847560.943609,6.33181095123291,enc,,,,,482491.0,26029.0,3.4617,0.7847
1775847560.9436102,6.331812143325806,enc,,,,,482501.0,26087.0,3.46942,0.7714
1775847561.080715,6.468916893005371,enc,,,,,482511.0,26145.0,3.47713,0.7714
1775847561.080726,6.46892786026001,enc,,,,,482521.0,26202.0,3.48471,0.7581
1775847561.080728,6.468930006027222,enc,,,,,482531.0,26261.0,3.49256,0.7847
1775847561.080729,6.468930959701538,enc,,,,,482541.0,26321.0,3.50054,0.798
1775847561.0807302,6.468932151794434,enc,,,,,482551.0,26383.0,3.50878,0.8245
1775847561.080731,6.468932867050171,enc,,,,,482561.0,26444.0,3.5169,0.8113
1775847561.0807328,6.468934774398804,enc,,,,,482571.0,26503.0,3.52474,0.7847
1775847561.080734,6.468935966491699,enc,,,,,482581.0,26562.0,3.53259,0.7847
1775847561.080735,6.468936920166016,enc,,,,,482591.0,26621.0,3.54044,0.7847
1775847561.080737,6.4689390659332275,enc,,,,,482601.0,26679.0,3.54815,0.7714
1775847561.080738,6.468940019607544,enc,,,,,482611.0,26738.0,3.556,0.7847
1775847561.080739,6.46894097328186,enc,,,,,482621.0,26797.0,3.56384,0.7847
1775847561.216259,6.604460954666138,enc,,,,,482631.0,26858.0,3.57196,0.8113
1775847561.216321,6.604522943496704,enc,,,,,482641.0,26919.0,3.58007,0.8113
1775847561.2163231,6.604525089263916,enc,,,,,482651.0,26980.0,3.58818,0.8113
1775847561.2170482,6.605250120162964,enc,,,,,482741.0,27520.0,3.66,0.8246
1775847561.21705,6.605252027511597,enc,,,,,482751.0,27582.0,3.66824,0.8246
1775847561.2170508,6.605252742767334,enc,,,,,482761.0,27641.0,3.67609,0.7847
1775847561.353357,6.741559028625488,enc,,,,,482771.0,27701.0,3.68407,0.798
1775847561.353369,6.741570949554443,enc,,,,,482781.0,27759.0,3.69178,0.7714
1775847561.353371,6.741572856903076,enc,,,,,482791.0,27817.0,3.6995,0.7714
1775847561.3533728,6.741574764251709,enc,,,,,482801.0,27877.0,3.70748,0.798
1775847561.353374,6.7415759563446045,enc,,,,,482811.0,27938.0,3.71559,0.8113
1775847561.353375,6.741576910018921,enc,,,,,482821.0,28000.0,3.72383,0.8246
1775847561.353376,6.741577863693237,enc,,,,,482831.0,28062.0,3.73208,0.8245
1775847561.353377,6.741579055786133,enc,,,,,482841.0,28123.0,3.74019,0.8113
1775847561.353378,6.741580009460449,enc,,,,,482851.0,28183.0,3.74817,0.798
1775847561.3533802,6.741582155227661,enc,,,,,482861.0,28242.0,3.75602,0.7847
1775847561.3533812,6.7415831089019775,enc,,,,,482871.0,28302.0,3.764,0.798
1775847561.470168,6.858370065689087,enc,,,,,482881.0,28361.0,3.77185,0.7847
1775847561.470228,6.858429908752441,enc,,,,,482891.0,28421.0,3.77982,0.798
1775847561.470231,6.85843300819397,enc,,,,,482901.0,28482.0,3.78794,0.8113
1775847561.470232,6.858433961868286,enc,,,,,482911.0,28544.0,3.79618,0.8245
1775847561.4702342,6.858436107635498,enc,,,,,482921.0,28604.0,3.80416,0.798
1775847561.470647,6.858849048614502,enc,,,,,483021.0,29208.0,3.88449,0.8113
1775847561.470649,6.858850955963135,enc,,,,,483031.0,29267.0,3.89234,0.7847
1775847561.6062772,6.994479179382324,enc,,,,,483041.0,29325.0,3.90005,0.7714
1775847561.606288,6.994489908218384,enc,,,,,483051.0,29383.0,3.90777,0.7714
1775847561.60629,6.994492053985596,enc,,,,,483061.0,29443.0,3.91574,0.798
1775847561.606291,6.994493007659912,enc,,,,,483071.0,29504.0,3.92386,0.8113
1775847561.606292,6.9944939613342285,enc,,,,,483081.0,29566.0,3.9321,0.8246
1775847561.606294,6.994495868682861,enc,,,,,483091.0,29628.0,3.94035,0.8246
1775847561.606295,6.994497060775757,enc,,,,,483101.0,29688.0,3.94833,0.798
1775847561.606296,6.994498014450073,enc,,,,,483111.0,29749.0,3.95644,0.8113
1775847561.606297,6.99449896812439,enc,,,,,483121.0,29808.0,3.96429,0.7847
1775847561.7417989,7.130000829696655,enc,,,,,483131.0,29867.0,3.97213,0.7847
1775847561.741857,7.130059003829956,enc,,,,,483141.0,29926.0,3.97998,0.7847
1775847561.741859,7.130060911178589,enc,,,,,483151.0,29987.0,3.98809,0.8113
1775847561.741861,7.130063056945801,enc,,,,,483161.0,30048.0,3.99621,0.8113
1775847561.7418618,7.130063772201538,enc,,,,,483171.0,30110.0,4.00445,0.8245
1775847561.741864,7.13006591796875,enc,,,,,483181.0,30171.0,4.01256,0.8113
1775847561.741865,7.130066871643066,enc,,,,,483191.0,30232.0,4.02068,0.8112
1775847561.74229,7.1304919719696045,enc,,,,,483281.0,30775.0,4.09289,0.8113
1775847561.742291,7.130492925643921,enc,,,,,483291.0,30835.0,4.10087,0.7979
1775847561.742292,7.130493879318237,enc,,,,,483301.0,30894.0,4.10872,0.7847
1775847561.877316,7.265517950057983,enc,,,,,483311.0,30953.0,4.11657,0.7847
1775847561.877328,7.2655298709869385,enc,,,,,483321.0,31010.0,4.12415,0.758
1775847561.8773289,7.265530824661255,enc,,,,,483331.0,31070.0,4.13213,0.798
1775847561.8773298,7.265531778335571,enc,,,,,483341.0,31130.0,4.14011,0.7979
1775847561.877332,7.265533924102783,enc,,,,,483351.0,31191.0,4.14822,0.8113
1775847561.877333,7.2655348777771,enc,,,,,483361.0,31252.0,4.15633,0.8112
1775847561.877334,7.265536069869995,enc,,,,,483371.0,31313.0,4.16444,0.8113
1775847561.877335,7.2655370235443115,enc,,,,,483381.0,31373.0,4.17242,0.7979
1775847561.877337,7.265538930892944,enc,,,,,483391.0,31432.0,4.18027,0.7847
1775847561.8773382,7.26554012298584,enc,,,,,483401.0,31491.0,4.18812,0.7846
1775847561.99306,7.3812620639801025,enc,,,,,483411.0,31550.0,4.19596,0.7847
1775847561.993068,7.381269931793213,enc,,,,,483421.0,31609.0,4.20381,0.7847
1775847561.9930692,7.381271123886108,enc,,,,,483431.0,31670.0,4.21192,0.8112
1775847561.993071,7.381273031234741,enc,,,,,483441.0,31731.0,4.22004,0.8113
1775847561.993072,7.381273984909058,enc,,,,,483451.0,31793.0,4.22828,0.8245
1775847561.993073,7.381274938583374,enc,,,,,483461.0,31853.0,4.23626,0.7979
1775847561.993537,7.381738901138306,enc,,,,,483561.0,32453.0,4.31606,0.798
1775847562.130421,7.518622875213623,enc,,,,,483571.0,32512.0,4.3239,0.7846
1775847562.130432,7.518633842468262,enc,,,,,483581.0,32570.0,4.33162,0.7714
1775847562.130433,7.518635034561157,enc,,,,,483591.0,32628.0,4.33933,0.7714
1775847562.130435,7.51863694190979,enc,,,,,483601.0,32686.0,4.34704,0.7713
1775847562.1304362,7.5186381340026855,enc,,,,,483611.0,32746.0,4.35502,0.798
1775847562.1304371,7.518639087677002,enc,,,,,483621.0,32807.0,4.36314,0.8112
1775847562.130438,7.518640041351318,enc,,,,,483631.0,32868.0,4.37125,0.8113
1775847562.1304388,7.518640756607056,enc,,,,,483641.0,32929.0,4.37936,0.8112
1775847562.130441,7.518642902374268,enc,,,,,483651.0,32989.0,4.38734,0.798
1775847562.130442,7.518643856048584,enc,,,,,483661.0,33047.0,4.39506,0.7714
1775847562.2655308,7.653732776641846,enc,,,,,483671.0,33106.0,4.4029,0.7846
1775847562.26554,7.653741836547852,enc,,,,,483681.0,33165.0,4.41075,0.7847
1775847562.2655418,7.653743743896484,enc,,,,,483691.0,33224.0,4.4186,0.7846
1775847562.265543,7.65374493598938,enc,,,,,483701.0,33284.0,4.42658,0.798
1775847562.2666612,7.654863119125366,enc,,,,,483801.0,33879.0,4.50571,0.8113
1775847562.2666628,7.65486478805542,enc,,,,,483811.0,33941.0,4.51395,0.8245
1775847562.402984,7.7911858558654785,enc,,,,,483821.0,34001.0,4.52193,0.798
1775847562.402998,7.7911999225616455,enc,,,,,483831.0,34061.0,4.52991,0.7979
1775847562.403,7.791202068328857,enc,,,,,483841.0,34119.0,4.53763,0.7714
1775847562.403002,7.79120397567749,enc,,,,,483851.0,34177.0,4.54534,0.7714
1775847562.403004,7.791205883026123,enc,,,,,483861.0,34236.0,4.55319,0.7846
1775847562.403005,7.7912068367004395,enc,,,,,483871.0,34296.0,4.56117,0.798
1775847562.4030058,7.791207790374756,enc,,,,,483881.0,34357.0,4.56928,0.8112
1775847562.403008,7.791209936141968,enc,,,,,483891.0,34418.0,4.57739,0.8113
1775847562.403009,7.791210889816284,enc,,,,,483901.0,34478.0,4.58537,0.7979
1775847562.40301,7.791211843490601,enc,,,,,483911.0,34538.0,4.59335,0.798
1775847562.403011,7.791213035583496,enc,,,,,483921.0,34597.0,4.6012,0.7846
1775847562.4030132,7.791215181350708,enc,,,,,483931.0,34657.0,4.60918,0.798
1775847562.521564,7.909765958786011,enc,,,,,483941.0,34716.0,4.61702,0.7846
1775847562.521576,7.909777879714966,enc,,,,,483951.0,34776.0,4.625,0.798
1775847562.521578,7.909780025482178,enc,,,,,483961.0,34836.0,4.63298,0.7979
1775847562.52158,7.9097819328308105,enc,,,,,483971.0,34898.0,4.64123,0.8246
1775847562.522051,7.910253047943115,enc,,,,,484071.0,35500.0,4.72129,0.8379
1775847562.522053,7.910254955291748,enc,,,,,484081.0,35562.0,4.72954,0.8245
1775847562.522054,7.9102559089660645,enc,,,,,484091.0,35623.0,4.73765,0.8113
1775847562.522055,7.910256862640381,enc,,,,,484101.0,35682.0,4.74549,0.7846
1775847562.658923,8.047124862670898,enc,,,,,484111.0,35741.0,4.75334,0.7847
1775847562.658934,8.047136068344116,enc,,,,,484121.0,35798.0,4.76092,0.7581
1775847562.658936,8.047137975692749,enc,,,,,484131.0,35858.0,4.7689,0.7979
1775847562.658937,8.047138929367065,enc,,,,,484141.0,35917.0,4.77675,0.7847
1775847562.6589382,8.047140121459961,enc,,,,,484151.0,35979.0,4.78499,0.8245
1775847562.658939,8.047140836715698,enc,,,,,484161.0,36040.0,4.79311,0.8113
1775847562.658941,8.04714298248291,enc,,,,,484171.0,36101.0,4.80122,0.8112
1775847562.658942,8.047143936157227,enc,,,,,484181.0,36161.0,4.8092,0.798
1775847562.658943,8.047144889831543,enc,,,,,484191.0,36222.0,4.81731,0.8112
1775847562.658944,8.04714584350586,enc,,,,,484201.0,36279.0,4.82489,0.7581
1775847562.794928,8.183130025863647,enc,,,,,484211.0,36334.0,4.83221,0.7315
1775847562.794942,8.183143854141235,enc,,,,,484221.0,36382.0,4.83859,0.6383
1775847562.794944,8.183145999908447,enc,,,,,484231.0,36421.0,4.84378,0.5187
1775847562.794945,8.183146953582764,enc,,,,,484241.0,36449.0,4.8475,0.3724
1775847562.796455,8.184656858444214,enc,,,,,484341.0,36488.0,4.85269,0.0133
1775847562.796456,8.18465805053711,enc,,,,,484351.0,36488.0,4.85269,0.0
1775847562.932758,8.32096004486084,enc,,,,,484361.0,36488.0,4.85269,0.0
1775847562.9327738,8.32097578048706,enc,,,,,484371.0,36488.0,4.85269,0.0
1775847562.932776,8.320977926254272,enc,,,,,484381.0,36488.0,4.85269,0.0
1775847562.932777,8.320978879928589,enc,,,,,484391.0,36488.0,4.85269,0.0
1775847562.932778,8.320979833602905,enc,,,,,484401.0,36488.0,4.85269,0.0
1775847562.93278,8.320981979370117,enc,,,,,484411.0,36489.0,4.85282,0.0133
1775847562.932781,8.320982933044434,enc,,,,,484421.0,36490.0,4.85295,0.0133
1775847563.073487,8.461688995361328,enc,,,,,484441.0,36496.0,4.85375,0.0399
1775847563.0735009,8.461702823638916,enc,,,,,484452.0,36501.0,4.85442,0.0605
1775847563.073503,8.461704969406128,enc,,,,,484462.0,36507.0,4.85522,0.0798
1775847563.073505,8.46170687675476,enc,,,,,484472.0,36516.0,4.85641,0.1197
1775847563.073506,8.461708068847656,enc,,,,,484482.0,36527.0,4.85787,0.1463
1775847563.073507,8.461709022521973,enc,,,,,484492.0,36540.0,4.8596,0.1729
1775847563.0738409,8.462042808532715,enc,,,,,484572.0,36727.0,4.88447,0.3591
1775847563.073843,8.462044954299927,enc,,,,,484582.0,36754.0,4.88806,0.3591
1775847563.073844,8.462045907974243,enc,,,,,484592.0,36782.0,4.89179,0.3724
1775847563.073845,8.46204686164856,enc,,,,,484602.0,36809.0,4.89538,0.3591
1775847563.073846,8.462048053741455,enc,,,,,484612.0,36834.0,4.8987,0.3325
1775847563.2109702,8.599172115325928,enc,,,,,484622.0,36861.0,4.9023,0.3591
1775847563.2109818,8.599183797836304,enc,,,,,484632.0,36889.0,4.90602,0.3724
1775847563.210984,8.599185943603516,enc,,,,,484642.0,36917.0,4.90974,0.3724
1775847563.210985,8.599186897277832,enc,,,,,484652.0,36944.0,4.91333,0.3591
1775847563.210987,8.599189043045044,enc,,,,,484662.0,36971.0,4.91692,0.3591
1775847563.211947,8.600148916244507,enc,,,,,484682.0,37027.0,4.92437,0.3724
1775847563.211948,8.600149869918823,enc,,,,,484692.0,37053.0,4.92783,0.3458
1775847563.211949,8.600151062011719,enc,,,,,484702.0,37079.0,4.93129,0.3458
1775847563.2119522,8.600154161453247,enc,,,,,484782.0,37274.0,4.95722,0.3192
1775847563.346273,8.734474897384644,enc,,,,,484792.0,37296.0,4.96015,0.2926
1775847563.346285,8.734487056732178,enc,,,,,484802.0,37318.0,4.96307,0.2926
1775847563.346286,8.734488010406494,enc,,,,,484812.0,37343.0,4.9664,0.3325
1775847563.3462882,8.734490156173706,enc,,,,,484822.0,37368.0,4.96972,0.3325
1775847563.346289,8.734490871429443,enc,,,,,484832.0,37393.0,4.97305,0.3325
1775847563.34629,8.734492063522339,enc,,,,,484842.0,37416.0,4.97611,0.3059
1775847563.347032,8.735234022140503,enc,,,,,484862.0,37464.0,4.98249,0.3192
1775847563.483145,8.871346950531006,enc,,,,,484872.0,37489.0,4.98582,0.3325
1775847563.483156,8.871357917785645,enc,,,,,484882.0,37513.0,4.98901,0.3191
1775847563.483157,8.871358871459961,enc,,,,,484892.0,37535.0,4.99193,0.2926
1775847563.483158,8.871360063552856,enc,,,,,484902.0,37557.0,4.99486,0.2926
1775847563.48316,8.87136197090149,enc,,,,,484912.0,37580.0,4.99792,0.3059
1775847563.483161,8.871362924575806,enc,,,,,484922.0,37603.0,5.0184,0.3059
1775847563.4831622,8.871364116668701,enc,,,,,484992.0,37756.0,5.02132,0.2926
1775847563.4831629,8.871364831924438,enc,,,,,485002.0,37776.0,5.02398,0.266
1775847563.4831638,8.871365785598755,enc,,,,,485012.0,37796.0,5.02664,0.266
1775847563.483165,8.87136697769165,enc,,,,,485022.0,37819.0,5.0297,0.3058
1775847563.483166,8.871367931365967,enc,,,,,485032.0,37841.0,5.03263,0.2926
1775847563.483167,8.871368885040283,enc,,,,,485042.0,37862.0,5.03542,0.2793
1775847563.483168,8.8713698387146,enc,,,,,485052.0,37883.0,5.03822,0.2793
1775847563.618082,9.00628399848938,enc,,,,,485072.0,37925.0,5.0438,0.3059
1775847563.61809,9.00629186630249,enc,,,,,485082.0,37948.0,5.04686,0.3059
1775847563.618091,9.006293058395386,enc,,,,,485092.0,37972.0,5.05005,0.3191
1775847563.618092,9.006294012069702,enc,,,,,485102.0,37995.0,5.05311,0.3059
1775847563.618093,9.006294965744019,enc,,,,,485112.0,38016.0,5.0559,0.2793
1775847563.6180952,9.00629711151123,enc,,,,,485122.0,38037.0,5.0587,0.2793
1775847563.618096,9.006298065185547,enc,,,,,485132.0,38060.0,5.06175,0.3058
1775847563.754221,9.142422914505005,enc,,,,,485142.0,38083.0,5.06481,0.3059
1775847563.754231,9.142432928085327,enc,,,,,485152.0,38105.0,5.06774,0.2926
1775847563.7542322,9.142434120178223,enc,,,,,485162.0,38127.0,5.07067,0.2926
1775847563.7542331,9.142435073852539,enc,,,,,485172.0,38146.0,5.07319,0.2527
1775847563.754234,9.142436027526855,enc,,,,,485182.0,38167.0,5.07599,0.2793
1775847563.7542348,9.142436742782593,enc,,,,,485192.0,38189.0,5.09607,0.3059
1775847563.754237,9.142438888549805,enc,,,,,485262.0,38341.0,5.09913,0.3059
1775847563.754238,9.142439842224121,enc,,,,,485272.0,38364.0,5.10219,0.3059
1775847563.754239,9.142441034317017,enc,,,,,485282.0,38384.0,5.10485,0.266
1775847563.75424,9.142441987991333,enc,,,,,485292.0,38406.0,5.10777,0.2926
1775847563.754241,9.14244294166565,enc,,,,,485302.0,38429.0,5.11083,0.3059
1775847563.888284,9.276485919952393,enc,,,,,485312.0,38453.0,5.11402,0.3192
1775847563.888341,9.276542901992798,enc,,,,,485322.0,38476.0,5.11708,0.3059
1775847563.8894389,9.27764081954956,enc,,,,,485342.0,38519.0,5.1228,0.2926
1775847563.88944,9.277642011642456,enc,,,,,485352.0,38543.0,5.12599,0.3191
1775847563.889442,9.277643918991089,enc,,,,,485362.0,38565.0,5.12892,0.2926
1775847564.026012,9.41421389579773,enc,,,,,485372.0,38588.0,5.13198,0.3059
1775847564.026026,9.414227962493896,enc,,,,,485382.0,38609.0,5.13477,0.2793
1775847564.0264251,9.414627075195312,enc,,,,,485475.0,38811.0,5.16163,0.3192
1775847564.0264268,9.414628744125366,enc,,,,,485485.0,38835.0,5.16483,0.3192
1775847564.026428,9.414629936218262,enc,,,,,485495.0,38856.0,5.16762,0.2793
1775847564.026429,9.414630889892578,enc,,,,,485505.0,38877.0,5.17041,0.2793
1775847564.02643,9.414631843566895,enc,,,,,485515.0,38899.0,5.17334,0.2926
1775847564.026432,9.414633989334106,enc,,,,,485525.0,38922.0,5.1764,0.3059
1775847564.026433,9.414634943008423,enc,,,,,485535.0,38945.0,5.17945,0.3059
1775847564.026434,9.41463589668274,enc,,,,,485545.0,38968.0,5.18251,0.3059
1775847564.1648152,9.553017139434814,enc,,,,,485555.0,38989.0,5.18531,0.2793
1775847564.164829,9.553030967712402,enc,,,,,485565.0,39013.0,5.1885,0.3192
1775847564.164831,9.553032875061035,enc,,,,,485575.0,39037.0,5.19169,0.3191
1775847564.164833,9.553035020828247,enc,,,,,485585.0,39060.0,5.19475,0.3059
1775847564.164834,9.553035974502563,enc,,,,,485595.0,39082.0,5.19767,0.2926
1775847564.165567,9.553768873214722,enc,,,,,485685.0,39261.0,5.22148,0.1995
1775847564.165568,9.553770065307617,enc,,,,,485695.0,39271.0,5.22281,0.133
1775847564.165569,9.553771018981934,enc,,,,,485705.0,39278.0,5.22374,0.0931
1775847564.305957,9.694159030914307,enc,,,,,485715.0,39282.0,5.22427,0.0532
1775847564.30597,9.694171905517578,enc,,,,,485725.0,39283.0,5.22441,0.0133
1775847564.305971,9.694172859191895,enc,,,,,485735.0,39283.0,5.22441,0.0
1775847564.305973,9.694175004959106,enc,,,,,485745.0,39282.0,5.22427,-0.0133
1775847564.305974,9.694175958633423,enc,,,,,485755.0,39282.0,5.22427,0.0
1775847564.305975,9.69417691230774,enc,,,,,485765.0,39282.0,5.22427,0.0
1775847564.3059762,9.694178104400635,enc,,,,,485775.0,39283.0,5.22441,0.0133
1775847564.305977,9.694179058074951,enc,,,,,485785.0,39283.0,5.22441,0.0
1775847564.3059788,9.694180727005005,enc,,,,,485795.0,39283.0,5.22441,0.0
1775847564.30598,9.6941819190979,enc,,,,,485805.0,39283.0,5.22441,0.0
1775847564.44329,9.831491947174072,telem,0.0,37.9,2.06,0.0,,,,
1775847564.4433038,9.83150577545166,enc,,,,,485815.0,39283.0,5.22441,0.0
1775847564.443306,9.831507921218872,enc,,,,,485825.0,39283.0,5.22441,0.0
1775847564.443307,9.831508874893188,enc,,,,,485835.0,39283.0,5.22441,0.0
1775847564.443308,9.831510066986084,enc,,,,,485845.0,39283.0,5.22441,0.0
1775847564.44331,9.831511974334717,enc,,,,,485915.0,39283.0,5.22441,0.0
1775847564.4433112,9.831513166427612,enc,,,,,485925.0,39283.0,5.22441,0.0
1775847564.4433122,9.831514120101929,enc,,,,,485935.0,39283.0,5.22441,0.0
1775847564.4433138,9.831515789031982,enc,,,,,485945.0,39283.0,5.22441,0.0
1775847564.443315,9.831516981124878,enc,,,,,485955.0,39283.0,5.22441,0.0
1775847564.443316,9.831517934799194,enc,,,,,485965.0,39283.0,5.22441,0.0
1775847564.443317,9.83151888847351,enc,,,,,485975.0,39283.0,5.22441,0.0
1775847564.578646,9.966847896575928,enc,,,,,485985.0,39283.0,5.22441,0.0
1775847564.578659,9.966861009597778,enc,,,,,485995.0,39283.0,5.22441,0.0
1775847564.5786612,9.96686315536499,enc,,,,,486005.0,39283.0,5.22441,0.0
1775847564.578662,9.966863870620728,enc,,,,,486015.0,39283.0,5.22441,0.0
1775847564.5793989,9.96760082244873,enc,,,,,486105.0,39283.0,5.22441,0.0
1775847564.579401,9.967602968215942,enc,,,,,486115.0,39283.0,5.22441,0.0
1775847564.579402,9.967603921890259,enc,,,,,486125.0,39283.0,5.22441,0.0
1775847564.579403,9.967604875564575,enc,,,,,486135.0,39283.0,5.22441,0.0
1775847564.716933,10.105134963989258,enc,,,,,486145.0,39283.0,5.22441,0.0
1775847564.7169468,10.105148792266846,enc,,,,,486155.0,39283.0,5.22441,0.0
1775847564.716949,10.105150938034058,enc,,,,,486165.0,39283.0,5.22441,0.0
1775847564.71695,10.105151891708374,enc,,,,,486175.0,39283.0,5.22441,0.0
1775847564.7169511,10.10515308380127,enc,,,,,486185.0,39283.0,5.22441,0.0
1775847564.716952,10.105154037475586,enc,,,,,486195.0,39283.0,5.22441,0.0
1775847564.716954,10.105155944824219,enc,,,,,486205.0,39283.0,5.22441,0.0
1775847564.716955,10.105156898498535,enc,,,,,486215.0,39283.0,5.22441,0.0
1775847564.716956,10.105157852172852,enc,,,,,486225.0,39283.0,5.22441,0.0
1775847564.717388,10.105589866638184,telem,0.0,38.0,0.29,0.0,,,,
1775847564.717391,10.105592966079712,enc,,,,,486235.0,39283.0,5.22441,0.0
1775847564.854778,10.242980003356934,enc,,,,,486245.0,39283.0,5.22441,0.0
1775847564.854792,10.2429940700531,enc,,,,,486255.0,39283.0,5.22441,0.0
1775847564.854794,10.242995977401733,enc,,,,,486265.0,39283.0,5.22441,0.0
1775847564.854795,10.24299693107605,enc,,,,,486275.0,39283.0,5.22441,0.0
1775847564.854796,10.242997884750366,enc,,,,,486285.0,39283.0,5.22441,0.0
1775847564.854798,10.243000030517578,enc,,,,,486295.0,39283.0,5.22441,0.0
1775847564.854799,10.243000984191895,enc,,,,,486365.0,39283.0,5.22441,0.0
1775847564.8548,10.243001937866211,enc,,,,,486375.0,39283.0,5.22441,0.0
1775847564.995898,10.384099960327148,enc,,,,,486385.0,39283.0,5.22441,0.0
1775847564.995914,10.384115934371948,enc,,,,,486395.0,39283.0,5.22441,0.0
1775847564.995916,10.384117841720581,enc,,,,,486405.0,39283.0,5.22441,0.0
1775847564.995917,10.384119033813477,enc,,,,,486415.0,39283.0,5.22441,0.0
1775847564.995918,10.384119987487793,enc,,,,,486425.0,39283.0,5.22441,0.0
1775847564.996667,10.384868860244751,enc,,,,,486435.0,39283.0,5.22441,0.0
1775847564.9973152,10.385517120361328,enc,,,,,486455.0,39283.0,5.22441,0.0
1775847564.997316,10.385517835617065,enc,,,,,486465.0,39283.0,5.22441,0.0
1775847564.997317,10.385519027709961,enc,,,,,486475.0,39283.0,5.22441,0.0
1775847565.136383,10.524585008621216,enc,,,,,486485.0,39283.0,5.22441,0.0
1775847565.1363971,10.524599075317383,enc,,,,,486495.0,39283.0,5.22441,0.0
1775847565.136399,10.524600982666016,enc,,,,,486505.0,39283.0,5.22441,0.0
1775847565.1364,10.524601936340332,enc,,,,,486605.0,39283.0,5.22441,0.0
1775847565.136401,10.524602890014648,enc,,,,,486615.0,39283.0,5.22441,0.0
1775847565.1364028,10.524604797363281,enc,,,,,486625.0,39283.0,5.22441,0.0
1775847565.136404,10.524605989456177,enc,,,,,486635.0,39283.0,5.22441,0.0
1775847565.136405,10.524606943130493,enc,,,,,486645.0,39283.0,5.22441,0.0
1775847565.136819,10.525020837783813,telem,0.0,37.9,0.29,0.0,,,,
1775847565.136822,10.525023937225342,enc,,,,,486655.0,39283.0,5.22441,0.0
1775847565.136824,10.525025844573975,enc,,,,,486665.0,39283.0,5.22441,0.0
1775847565.272949,10.661150932312012,enc,,,,,486675.0,39283.0,5.22441,0.0
1775847565.272962,10.661164045333862,enc,,,,,486685.0,39283.0,5.22441,0.0
1775847565.272963,10.661164999008179,enc,,,,,486695.0,39283.0,5.22441,0.0
1775847565.2729652,10.66116714477539,enc,,,,,486705.0,39283.0,5.22441,0.0
1775847565.272966,10.661167860031128,enc,,,,,486715.0,39283.0,5.22441,0.0
1775847565.2729669,10.661168813705444,enc,,,,,486725.0,39283.0,5.22441,0.0
1775847565.272968,10.66117000579834,enc,,,,,486735.0,39283.0,5.22441,0.0
1775847565.27297,10.661171913146973,enc,,,,,486745.0,39283.0,5.22441,0.0
1775847565.272971,10.661172866821289,enc,,,,,486755.0,39283.0,5.22441,0.0
1775847565.272972,10.661174058914185,enc,,,,,486765.0,39283.0,5.22441,0.0
1775847565.413058,10.801259994506836,enc,,,,,486775.0,39283.0,5.22441,0.0
1775847565.413067,10.801269054412842,enc,,,,,486785.0,39283.0,5.22441,0.0
1775847565.413069,10.801270961761475,enc,,,,,486795.0,39283.0,5.22441,0.0
1775847565.41307,10.801271915435791,enc,,,,,486805.0,39283.0,5.22441,0.0
1775847565.413395,10.801596879959106,enc,,,,,486885.0,39283.0,5.22441,0.0
1775847565.413396,10.801597833633423,enc,,,,,486895.0,39283.0,5.22441,0.0
1775847565.413397,10.801599025726318,enc,,,,,486905.0,39283.0,5.22441,0.0
1775847565.413398,10.801599979400635,enc,,,,,486915.0,39283.0,5.22441,0.0
1775847565.413399,10.801600933074951,enc,,,,,486925.0,39283.0,5.22441,0.0
1775847565.4134002,10.801602125167847,enc,,,,,486935.0,39283.0,5.22441,0.0
1775847565.413402,10.80160403251648,enc,,,,,486945.0,39283.0,5.22441,0.0
1775847565.4134028,10.801604747772217,enc,,,,,486955.0,39283.0,5.22441,0.0
1775847565.549937,10.938138961791992,enc,,,,,486965.0,39283.0,5.22441,0.0
1775847565.549952,10.938153982162476,enc,,,,,486975.0,39283.0,5.22441,0.0
1775847565.549954,10.938155889511108,enc,,,,,486985.0,39283.0,5.22441,0.0
1775847565.5499551,10.938157081604004,enc,,,,,486995.0,39283.0,5.22441,0.0
1775847565.550345,10.938546895980835,enc,,,,,487005.0,39283.0,5.22441,0.0
1775847565.550347,10.938549041748047,enc,,,,,487015.0,39283.0,5.22441,0.0
1775847565.550348,10.938549995422363,enc,,,,,487025.0,39283.0,5.22441,0.0
1775847565.550349,10.93855094909668,enc,,,,,487035.0,39283.0,5.22441,0.0
1775847565.5503502,10.938552141189575,enc,,,,,487045.0,39283.0,5.22441,0.0
1775847565.550352,10.938554048538208,enc,,,,,487055.0,39283.0,5.22441,0.0
1775847565.5503528,10.938554763793945,enc,,,,,487065.0,39283.0,5.22441,0.0
1775847565.686403,11.074604988098145,enc,,,,,487075.0,39283.0,5.22441,0.0
1775847565.686416,11.074617862701416,enc,,,,,487085.0,39283.0,5.22441,0.0
1775847565.6864178,11.074619770050049,enc,,,,,487095.0,39283.0,5.22441,0.0
1775847565.686419,11.074620962142944,enc,,,,,487105.0,39283.0,5.22441,0.0
1775847565.68642,11.07462191581726,enc,,,,,487175.0,39283.0,5.22441,0.0
1775847565.686823,11.075024843215942,enc,,,,,487185.0,39283.0,5.22441,0.0
1775847565.686825,11.075026988983154,enc,,,,,487195.0,39283.0,5.22441,0.0
1775847565.686826,11.07502794265747,enc,,,,,487205.0,39283.0,5.22441,0.0
1775847565.686827,11.075028896331787,enc,,,,,487215.0,39283.0,5.22441,0.0
1775847565.686828,11.075029850006104,enc,,,,,487225.0,39283.0,5.22441,0.0
1775847565.825356,11.213557958602905,enc,,,,,487235.0,39283.0,5.22441,0.0
1775847565.8253691,11.213571071624756,enc,,,,,487245.0,39283.0,5.22441,0.0
1775847565.8253708,11.21357274055481,enc,,,,,487255.0,39283.0,5.22441,0.0
1775847565.825373,11.213574886322021,enc,,,,,487265.0,39283.0,5.22441,0.0
1775847565.825374,11.213575839996338,enc,,,,,487275.0,39283.0,5.22441,0.0
1775847565.825375,11.213577032089233,enc,,,,,487285.0,39283.0,5.22441,0.0
1775847565.825376,11.21357798576355,enc,,,,,487295.0,39283.0,5.22441,0.0
1775847565.825378,11.213579893112183,enc,,,,,487305.0,39283.0,5.22441,0.0
1775847565.8253791,11.213581085205078,enc,,,,,487315.0,39283.0,5.22441,0.0
1775847565.82538,11.213582038879395,enc,,,,,487325.0,39283.0,5.22441,0.0
1775847565.825381,11.213582992553711,enc,,,,,487335.0,39283.0,5.22441,0.0
1775847565.962858,11.351059913635254,enc,,,,,487425.0,39283.0,5.22441,0.0
1775847565.96287,11.351071834564209,enc,,,,,487435.0,39283.0,5.22441,0.0
1775847565.962871,11.351073026657104,enc,,,,,487445.0,39283.0,5.22441,0.0
1775847565.962873,11.351074934005737,enc,,,,,487455.0,39283.0,5.22441,0.0
1775847565.9628742,11.351076126098633,enc,,,,,487465.0,39283.0,5.22441,0.0
1775847565.962875,11.35107684135437,enc,,,,,487475.0,39283.0,5.22441,0.0
1775847565.9628758,11.351077795028687,enc,,,,,487485.0,39283.0,5.22441,0.0
1775847565.962877,11.351078987121582,enc,,,,,487495.0,39283.0,5.22441,0.0
1775847566.101952,11.490154027938843,enc,,,,,487505.0,39283.0,5.22441,0.0
1775847566.101964,11.490165948867798,enc,,,,,487515.0,39283.0,5.22441,0.0
1775847566.101966,11.49016785621643,enc,,,,,487525.0,39283.0,5.22441,0.0
1775847566.1019678,11.490169763565063,enc,,,,,487535.0,39283.0,5.22441,0.0
1775847566.1024058,11.490607738494873,enc,,,,,487545.0,39283.0,5.22441,0.0
1775847566.103035,11.491236925125122,enc,,,,,487565.0,39283.0,5.22441,0.0
1775847566.1030369,11.491238832473755,enc,,,,,487575.0,39283.0,5.22441,0.0
1775847566.10304,11.491241931915283,enc,,,,,487665.0,39283.0,5.22441,0.0
1775847566.240087,11.628288984298706,enc,,,,,487675.0,39283.0,5.22441,0.0
1775847566.240099,11.628300905227661,enc,,,,,487685.0,39283.0,5.22441,0.0
1775847566.240101,11.628303050994873,enc,,,,,487695.0,39283.0,5.22441,0.0
1775847566.240103,11.628304958343506,enc,,,,,487705.0,39283.0,5.22441,0.0
1775847566.240104,11.628305912017822,enc,,,,,487715.0,39283.0,5.22441,0.0
1775847566.240106,11.628308057785034,enc,,,,,487725.0,39283.0,5.22441,0.0
1775847566.240108,11.628309965133667,enc,,,,,487735.0,39283.0,5.22441,0.0
1775847566.240109,11.628310918807983,enc,,,,,487745.0,39283.0,5.22441,0.0
1775847566.240111,11.628313064575195,enc,,,,,487755.0,39283.0,5.22441,0.0
1775847566.240112,11.628314018249512,enc,,,,,487765.0,39283.0,5.22441,0.0
1775847566.2401128,11.628314733505249,enc,,,,,487775.0,39283.0,5.22441,0.0
1775847566.240114,11.628315925598145,enc,,,,,487785.0,39284.0,5.22454,0.0133
1775847566.240116,11.628317832946777,enc,,,,,487795.0,39284.0,5.22454,0.0
1775847566.358165,11.74636697769165,enc,,,,,487805.0,39284.0,5.22454,0.0
1775847566.358229,11.74643087387085,enc,,,,,487815.0,39284.0,5.22454,0.0
1775847566.358925,11.747127056121826,enc,,,,,487825.0,39284.0,5.22454,0.0
1775847566.358927,11.747128963470459,enc,,,,,487835.0,39284.0,5.22454,0.0
1775847566.358928,11.747129917144775,enc,,,,,487845.0,39284.0,5.22454,0.0
1775847566.358929,11.747130870819092,enc,,,,,487855.0,39284.0,5.22454,0.0
1775847566.35893,11.747132062911987,enc,,,,,487925.0,39284.0,5.22454,0.0
1775847566.496274,11.884475946426392,enc,,,,,487935.0,39284.0,5.22454,0.0
1775847566.496285,11.88448691368103,enc,,,,,487945.0,39284.0,5.22454,0.0
1775847566.4962869,11.884488821029663,enc,,,,,487955.0,39284.0,5.22454,0.0
1775847566.496288,11.884490013122559,enc,,,,,487965.0,39284.0,5.22454,0.0
1775847566.49629,11.884491920471191,enc,,,,,487975.0,39284.0,5.22454,0.0
1775847566.4962912,11.884493112564087,enc,,,,,487985.0,39284.0,5.22454,0.0
1775847566.496292,11.884494066238403,enc,,,,,487995.0,39284.0,5.22454,0.0
1775847566.496293,11.88449501991272,enc,,,,,488005.0,39284.0,5.22454,0.0
1775847566.496295,11.884496927261353,enc,,,,,488015.0,39284.0,5.22454,0.0
